[{"model": "app.user", "fields": {"password": "pbkdf2_sha256$1200000$CoVTTWga34C78251asziia$FWDkHTQPcfke9Qz0wrTJXuffwgv0FoU/BqXZhQB4b5E=", "last_login": null, "is_superuser": false, "username": "Manolo", "first_name": "", "last_name": "", "email": "Manolo@gmail.com", "is_staff": false, "date_joined": "2025-12-26T04:06:25.533Z", "role": "CLIENT", "phone": "", "is_active": true, "created_at": "2025-12-26T04:06:26.465Z", "groups": [], "user_permissions": []}}, {"model": "app.user", "fields": {"password": "pbkdf2_sha256$1200000$LZwdaneVBOXzLqw5kUWxgN$pEznG51IBK6Kne8tym1pMErwkFkrj+K0KBPD7+Wy11Q=", "last_login": "2025-12-22T18:59:23.578Z", "is_superuser": true, "username": "Williams", "first_name": "", "last_name": "", "email": "williams.rc04@gmail.com", "is_staff": true, "date_joined": "2025-12-22T18:01:24.671Z", "role": "ADMIN", "phone": "", "is_active": true, "created_at": "2025-12-22T18:01:25.249Z", "groups": [], "user_permissions": []}}, {"model": "app.user", "fields": {"password": "pbkdf2_sha256$1200000$JXz4KQw4RsH4MAXVOdNnLu$Rb+VoH1V+5mz0ELkz8lGotcTkUX0eHM6Cmu/QlfBmnU=", "last_login": null, "is_superuser": false, "username": "Diego", "first_name": "", "last_name": "", "email": "diegollano362@gmail.com", "is_staff": false, "date_joined": "2025-12-25T14:49:29.853Z", "role": "CLIENT", "phone": "", "is_active": true, "created_at": "2025-12-25T14:49:30.456Z", "groups": [], "user_permissions": []}}, {"model": "app.vendor", "pk": 2, "fields": {"name": "Boeco", "contact_email": "williams.rc04@gmail.com", "phone": "962162027", "logo": "", "is_active": false}}, {"model": "app.vendor", "pk": 3, "fields": {"name": "Contec", "contact_email": "williams.rc04@gmail.com", "phone": "962162027", "logo": "", "is_active": false}}, {"model": "app.vendor", "pk": 4, "fields": {"name": "EKF Diagnostics", "contact_email": "williams.rc04@gmail.com", "phone": "962162027", "logo": "", "is_active": false}}, {"model": "app.vendor", "pk": 5, "fields": {"name": "Wantong Medical", "contact_email": "williams.rc04@gmail.com", "phone": "962162027", "logo": "", "is_active": false}}, {"model": "app.vendor", "pk": 6, "fields": {"name": "Lab Essentials", "contact_email": "williams.rc04@gmail.com", "phone": "962162027", "logo": "", "is_active": false}}, {"model": "app.vendor", "pk": 7, "fields": {"name": "GlobalProll", "contact_email": "williams.rc04@gmail.com", "phone": "962162027", "logo": "", "is_active": false}}, {"model": "app.product", "pk": "0a04d120-4acb-4ac5-8cfe-c88b96bdcf59", "fields": {"category": null, "vendor": 2, "name": "Termómetro De Plástico Para Conservadora Vertical", "slug": "termmetro-de-plstico-para-conservadora-vertical", "description": "Termómetro de plástico diseñado específicamente para monitorear la temperatura en refrigeradoras verticales. Su formato y diseño están optimizados para una fácil colocación y lectura dentro de estos equipos, asegurando que los productos almacenados se mantengan a la temperatura adecuada para su conservación. Es una herramienta esencial para la seguridad alimentaria, farmacéutica y en cualquier aplicación que requiera un control preciso de la cadena de frío en refrigeración.", "technical_specs": {"Modelo": "Zl-149"}, "price": "15.00", "promo_price": null, "stock": 15, "is_featured": false, "is_active": true, "created_by": ["Williams"], "created_at": "2025-12-28T16:10:16.547Z", "updated_at": "2025-12-28T16:11:09.074Z"}}, {"model": "app.product", "pk": "2663e38d-32fe-49db-9467-91eeafa59139", "fields": {"category": null, "vendor": 5, "name": "Vaso de Precipitado de Vidrio Borosilicato 3.3 - 1000 mL (1 Litro)", "slug": "vaso-de-precipitado-de-vidrio-borosilicato", "description": "Eleve el estándar de sus procesos químicos con el Vaso de Precipitado de 1000 mL, fabricado en vidrio borosilicato 3.3 de alta pureza. Este material de grado profesional garantiza una resistencia excepcional al choque térmico (soporta hasta 500°C) y una durabilidad química superior frente a ácidos, bases y solventes orgánicos, convirtiéndolo en una pieza indispensable para laboratorios industriales, clínicos y educativos.\n\nSu diseño incluye un pico vertedor antigoteo de precisión que facilita el trasvase de líquidos con total control, minimizando desperdicios. Además, cuenta con una graduación blanca impresa de alta visibilidad y resistente al calor, permitiendo mediciones aproximadas rápidas y seguras. Su base plana y reforzada ofrece una estabilidad total, siendo compatible con el uso de agitadores magnéticos y placas calefactoras. Un producto reutilizable y apto para esterilización en autoclave.", "technical_specs": {"Producto": "Vaso de Precipitado (Beaker)", "Capacidad nominal": "1000 mL (1 Litro)", "Material": "Vidrio Borosilicato 3.3", "Resistencia térmica": "Hasta 500°C (Excelente ante choque térmico)", "Resistencia química": "Alta (Ácidos, bases y solventes orgánicos)", "Graduación": "Impresa en color blanco (Resistente al calor)", "Tolerancia": "± 5%", "Esterilizable": "Sí, compatible con autoclave", "Aplicaciones": "Mezcla, calentamiento y preparación de soluciones"}, "price": "15.00", "promo_price": null, "stock": 15, "is_featured": false, "is_active": true, "created_by": ["Williams"], "created_at": "2025-12-29T22:20:49.289Z", "updated_at": "2025-12-29T22:24:11.876Z"}}, {"model": "app.product", "pk": "4ac816cc-0da0-478a-be49-92bd32df21c5", "fields": {"category": null, "vendor": 5, "name": "Tamiz de Laboratorio con Malla de Asbesto - 15 cm x 15 cm", "slug": "tamiz-de-laboratorio-con-malla-de-asbesto", "description": "Garantice la seguridad de su cristalería y la precisión de sus análisis con el Tamiz de Laboratorio con Malla de Asbesto (15x15 cm). Este accesorio esencial está diseñado para actuar como una barrera protectora entre la llama directa del mechero Bunsen y sus recipientes de vidrio, distribuyendo el calor de manera uniforme y evitando el choque térmico que puede causar fracturas en vasos o matraces.\n\nFabricado con un robusto marco de acero galvanizado y un centro cerámico (asbesto) de alta resistencia, este tamiz soporta temperaturas de hasta 500°C. Su diseño cuadrado de 15 cm proporciona una plataforma estable y segura sobre trípodes o soportes universales, siendo la herramienta estándar e indispensable para laboratorios educativos, químicos e industriales que buscan eficiencia y durabilidad en sus procesos de calentamiento indirecto.", "technical_specs": {"Producto": "Tamiz o rejilla de laboratorio con malla de asbesto", "Dimensiones": "15 cm x 15 cm", "Material del marco": "Acero galvanizado o hierro niquelado", "Material de la malla": "Alambre metálico con recubrimiento cerámico (Asbesto)", "Forma": "Cuadrada", "Diámetro centro cerámico": "5 a 7 cm aproximadamente", "Resistencia térmica": "Hasta 500°C aprox.", "Peso": "60 - 90 g", "Compatibilidad": "Mecheros Bunsen, trípodes y soportes universales", "Aplicaciones": "Laboratorios escolares, universitarios, industriales y de control de calidad"}, "price": "15.00", "promo_price": null, "stock": 15, "is_featured": false, "is_active": true, "created_by": ["Williams"], "created_at": "2025-12-30T01:52:10.243Z", "updated_at": "2025-12-30T01:55:16.282Z"}}, {"model": "app.product", "pk": "534db81e-e5a5-48c6-8673-0830c600efba", "fields": {"category": null, "vendor": 5, "name": "Rack Portaobjetos para 100 Láminas - ABS de Alta Resistencia con Ranuras Numeradas", "slug": "rack-portaobjetos-para-100-lminas", "description": "Mantenga la integridad de sus análisis con el Rack Portaobjetos para 100 láminas, la solución profesional diseñada para el almacenamiento y transporte seguro de muestras citológicas e histológicas. Fabricado en plástico ABS de alta resistencia, este rack es completamente libre de corrosión y soporta temperaturas de hasta 60°C, garantizando una vida útil prolongada incluso en entornos exigentes.\n\nSu diseño ergonómico destaca por incluir ranuras numeradas individualmente, lo que permite un registro y rastreo preciso de cada muestra sin margen de error. Además, cuenta con una base antideslizante para mayor estabilidad en el mesón de trabajo y una tapa con cierre a presión que protege sus láminas del polvo y contaminantes externos. Disponible en colores Blanco, Rojo y Naranja, es la herramienta perfecta para categorizar sus estudios por urgencia o tipo de análisis.", "technical_specs": {"capacidad": "100 láminas portaobjetos estándar (76 x 26 mm)", "dimensiones": "210 mm (Largo) x 135 mm (Ancho) x 60 mm (Alto)", "material": "Plástico ABS de alta resistencia (No tóxico, anticorrosivo)", "organizacion": "Ranuras numeradas del 1 al 100 para registro de muestras", "seguridad": "Tapa ajustada a presión y base antideslizante", "resistencia_termica": "Hasta 60°C", "colores_disponibles": "\"Blanco\", \"Rojo\", \"Naranja\"", "aplicaciones": "\"Patología\", \"Histología\", \"Citología\", \"Investigación biológica\", \"Docencia universitaria\""}, "price": "15.00", "promo_price": null, "stock": 15, "is_featured": false, "is_active": true, "created_by": ["Williams"], "created_at": "2025-12-29T22:05:36.757Z", "updated_at": "2025-12-29T22:14:19.824Z"}}, {"model": "app.product", "pk": "62dffac2-93e7-4da4-b1ee-ced33e465817", "fields": {"category": null, "vendor": 2, "name": "Microscopio Binocular Profesional Boeco - Iluminación LED y Óptica DIN Acromática", "slug": "microscopio-binocular-profesional", "description": "Potencie la precisión de sus análisis con el Microscopio Binocular Boeco, una herramienta indispensable diseñada para laboratorios que exigen nitidez y durabilidad. Equipado con objetivos DIN acromáticos de alta calidad, este modelo ofrece imágenes claras y detalladas en un rango de aumento que alcanza hasta los 1000x (con inmersión en aceite).\nSu diseño ergonómico monobloque de metal garantiza estabilidad absoluta durante el uso prolongado. La iluminación LED regulable permite una observación óptima de muestras biológicas sin sobreexponerlas, mientras que su platina mecánica de doble capa facilita un desplazamiento fluido y preciso de los portaobjetos. Ideal para aplicaciones estándar de laboratorio, investigación y educación superior.", "technical_specs": {"Tipo de cabezal": "Binocular deslizante con ajuste de distancia interpupilar 52mm - 75mm", "Aumentos": "40x, 100x, 400x, 1000x (hasta 2000x según configuración)", "Objetivos": "DIN Acromáticos 4x, 10x, 40x (R), 100x (R, Aceite)", "Oculares": "Campo ancho WF10x y WF20x", "Platina": "Mecánica de doble capa 140x140mm con movimiento coaxial X-Y", "Rango recorrido platina": "70 x 50 mm", "Sistema de enfoque": "Ajuste coaxial grueso y fino con sensibilidad de 0.002mm", "Condensador": "Abbe N.A. 1.25 con diafragma iris", "Iluminacion": "LED de alta intensidad con brillo regulable", "Cuerpo": "Monobloque de metal ergonómico", "Peso": "5.5 kg", "Alimentación": "AC 110V/220V dual"}, "price": "15.00", "promo_price": null, "stock": 14, "is_featured": false, "is_active": true, "created_by": ["Williams"], "created_at": "2025-12-28T15:51:36.635Z", "updated_at": "2025-12-30T04:10:57.341Z"}}, {"model": "app.product", "pk": "6949651b-89c8-4261-9386-b858b65f9f5b", "fields": {"category": null, "vendor": 5, "name": "Piseta Plástica de Laboratorio (Frasco Lavador) - 250ml / 500ml / 1L", "slug": "piseta-plstica-de-laboratorio-frasco-lavador", "description": "Optimice sus tareas de limpieza y dosificación con nuestra línea de Pisetas Plásticas (Frascos Lavadores), diseñadas para ofrecer un control total en el manejo de solventes y soluciones acuosas. Fabricadas en una mezcla de polietileno y polipropileno de alta resistencia, estas pisetas combinan flexibilidad y durabilidad, permitiendo un dispensado suave y preciso mediante una ligera presión manual.\n\nCada piseta cuenta con una boquilla de punta fina y estrecha que dirige el flujo exactamente donde se necesita, evitando desperdicios y salpicaduras. Su tapa hermética a rosca garantiza un sellado seguro, eliminando fugas accidentales durante el uso. Disponibles en tres capacidades (250 ml, 500 ml y 1 Litro), son la herramienta indispensable para el enjuague de cristalería, transferencia de líquidos y mantenimiento de la higiene en laboratorios químicos, clínicos e industriales.", "technical_specs": {"Producto": "Piseta plástica (Frasco lavador)", "Material": "Polietileno (PE) / Polipropileno (PP)", "Tipo de boquilla": "Larga, estrecha y con flujo controlado", "Cierre": "Tapa a rosca hermética (Antiderrames)", "Color": "Translúcido/Blanco (Permite visualizar el nivel de contenido)", "Resistencia química": "Excelente frente a soluciones acuosas, alcoholes y disolventes comunes", "Aplicaciones": "Enjuague de frascos, lavado de precipitados, aplicación de reactivos"}, "price": "15.00", "promo_price": null, "stock": 13, "is_featured": false, "is_active": true, "created_by": ["Williams"], "created_at": "2025-12-30T02:12:52.458Z", "updated_at": "2025-12-30T02:15:23.128Z"}}, {"model": "app.product", "pk": "71741df1-1369-454c-a7a3-84784d106a10", "fields": {"category": null, "vendor": 5, "name": "Varilla de Vidrio de 300 mm (Bagueta) - Borosilicato 3.3 para Grandes Volúmenes", "slug": "varilla-de-vidrio-de-300-mm-bagueta", "description": "Optimice la agitación en recipientes de gran profundidad con la Varilla de Vidrio de 300 mm, diseñada específicamente para trabajar con matraces y vasos de gran tamaño. Fabricada en vidrio de borosilicato 3.3, esta bagueta garantiza una resistencia excepcional ante choques térmicos de hasta 500°C y una inercia química total frente a ácidos y solventes agresivos.\n\n\n\n\n\nSu longitud extendida proporciona un alcance seguro y cómodo, mientras que sus extremos redondeados a fuego aseguran una manipulación suave que evita daños o rayaduras en su cristalería de laboratorio. Gracias a su superficie no porosa e higiénica, es extremadamente fácil de limpiar y no altera las propiedades de las soluciones, convirtiéndose en un utensilio básico e indispensable para procesos analíticos, industriales y educativos de alto nivel.", "technical_specs": {"Producto": "Varilla de vidrio (Bagueta de agitación)", "Longitud total": "300 mm", "Diametro": "6 mm (±0.5 mm)", "Material": "Vidrio de borosilicato 3.3", "Color": "Transparente", "Tipo de extremo": "Redondeado en ambos extremos", "Resistencia térmica": "Hasta 500°C", "Resistencia química": "Alta, inerte a la mayoría de reactivos", "Presentación": "Unidad individual o paquete x 10 unidades"}, "price": "15.00", "promo_price": null, "stock": 15, "is_featured": false, "is_active": true, "created_by": ["Williams"], "created_at": "2025-12-30T01:37:53.782Z", "updated_at": "2025-12-30T01:40:43.506Z"}}, {"model": "app.product", "pk": "7417c425-d248-4f70-86a6-bb49af5104bd", "fields": {"category": null, "vendor": 7, "name": "Capuchones de Polipropileno para Tubos de Laboratorio - Bolsa x 100 Unidades", "slug": "capuchones-de-polipropileno-para-tubos", "description": "Optimice la organización de su laboratorio con los Capuchones de Plástico GlobalProll, la solución práctica y económica para la sujeción de tubos y crioviales. Fabricados en polipropileno (PP) de alta calidad, estos soportes destacan por su resistencia y ligereza, permitiendo una manipulación segura de las muestras sin riesgo de contaminación directa.\n\nSu diseño totalmente transparente facilita la inspección visual inmediata del contenido, agilizando los procesos de trabajo en laboratorios clínicos, de investigación e industriales. Son descartables, fáciles de almacenar y están diseñados para mejorar la eficiencia en el flujo de trabajo diario, garantizando que sus gradillas y áreas de procesamiento se mantengan ordenadas y profesionales.", "technical_specs": {"Marca": "GlobalProll", "Producto": "Capuchón de plástico (Plastic Holder)", "Material": "Polipropileno (PP) de alta resistencia", "Color": "Transparente (Alta visibilidad)", "Presentación": "Bolsa por 100 unidades", "Condición": "No estéril / Desechable", "Compatibilidad": "Tubos de ensayo y crioviales de medida estándar", "Vida útil": "5 años desde la fecha de fabricación", "Beneficios": "Reduce riesgo de contaminación, mejora la organización, resistente a químicos básicos"}, "price": "15.00", "promo_price": null, "stock": 15, "is_featured": false, "is_active": true, "created_by": ["Williams"], "created_at": "2025-12-29T21:59:52.601Z", "updated_at": "2025-12-29T22:02:45.007Z"}}, {"model": "app.product", "pk": "900dee13-db8b-46e9-bc19-e42f5a4dd048", "fields": {"category": null, "vendor": 6, "name": "Vaso Coplin Vertical de Vidrio Borosilicato - Capacidad 5 a 10 Portaobjetos", "slug": "vaso-coplin-vertical-de-vidrio-borosilicato", "description": "Optimice sus procesos de tinción con el Vaso Coplin Vertical de Vidrio, la solución profesional para laboratorios de histología, citología y microbiología. Fabricado en vidrio borosilicato de alta resistencia, este recipiente permite sumergir portaobjetos de manera uniforme, garantizando una tinción homogénea en cada muestra y eliminando el riesgo de contaminación cruzada.\n\nSu diseño vertical está pensado para maximizar la eficiencia, permitiendo procesar hasta 10 portaobjetos simultáneamente con un uso mínimo de reactivos. Incluye una tapa hermética de ajuste preciso que evita la evaporación de solventes y alcoholes, manteniendo la integridad de sus soluciones por más tiempo. Es un equipo robusto, resistente a químicos agresivos y apto para procesos de esterilización, convirtiéndose en una pieza clave para el diagnóstico patológico y la investigación científica.", "technical_specs": {"Producto": "Vaso Coplin vertical", "Uso": "Tinción, lavado y almacenamiento de portaobjetos", "Material": "Vidrio borosilicato de alta resistencia", "Capacidad": "5 a 10 portaobjetos estándar (76 x 26 mm)", "Orientación": "Vertical (Optimización de reactivos)", "Tapa": "Ajustada y hermética (Evita evaporación y contaminación)", "Resistencia térmica": "Hasta 120°C (Vidrio)", "Resistencia química": "Alta frente a alcoholes, ácidos y reactivos de tinción", "Compatibilidad": "Portaobjetos estándar de microscopía"}, "price": "15.00", "promo_price": null, "stock": 15, "is_featured": false, "is_active": true, "created_by": ["Williams"], "created_at": "2025-12-30T00:48:34.840Z", "updated_at": "2025-12-30T00:58:50.977Z"}}, {"model": "app.product", "pk": "940b9d1f-acaf-4676-aec8-1cbd61a718d4", "fields": {"category": null, "vendor": 6, "name": "Varilla de Vidrio de 200 mm (Bagueta) - Borosilicato 3.3 con Extremos Redondeados", "slug": "varilla-de-vidrio-de-200-mm-bagueta", "description": "Optimice sus procesos de tinción con el Vaso Coplin Vertical de Vidrio, la solución profesional para laboratorios de histología, citología y microbiología. Fabricado en vidrio borosilicato de alta resistencia, este recipiente permite sumergir portaobjetos de manera uniforme, garantizando una tinción homogénea en cada muestra y eliminando el riesgo de contaminación cruzada.\n\nSu diseño vertical está pensado para maximizar la eficiencia, permitiendo procesar hasta 10 portaobjetos simultáneamente con un uso mínimo de reactivos. Incluye una tapa hermética de ajuste preciso que evita la evaporación de solventes y alcoholes, manteniendo la integridad de sus soluciones por más tiempo. Es un equipo robusto, resistente a químicos agresivos y apto para procesos de esterilización, convirtiéndose en una pieza clave para el diagnóstico patológico y la investigación científica.", "technical_specs": {"Producto": "Varilla de vidrio (Bagueta de agitación)", "Longitud total": "200 mm", "Diametro": "6 mm (±0.5 mm)", "Material": "Vidrio de borosilicato 3.3", "Color": "Transparente", "Tipo de extremo": "Redondeado en ambos extremos (protección contra rayaduras)", "Resistencia térmica": "Hasta 500°C", "Resistencia química": "Alta, inerte a la mayoría de los reactivos", "Presentación": "Unidad individual"}, "price": "15.00", "promo_price": null, "stock": 15, "is_featured": false, "is_active": true, "created_by": ["Williams"], "created_at": "2025-12-30T00:58:22.634Z", "updated_at": "2025-12-30T01:02:50.720Z"}}, {"model": "app.product", "pk": "a4fca423-9347-4b3c-9c86-ad39a8e0f924", "fields": {"category": null, "vendor": 5, "name": "Vaso de Precipitado de Vidrio Borosilicato 3.3 - 50 mL", "slug": "vaso-de-precipitado-de-vidrio-borosilicato1", "description": "Optimice sus procesos analíticos con el Vaso de Precipitado de 50 mL, la herramienta indispensable para ensayos a microescala y manipulación precisa de reactivos costosos. Fabricado íntegramente en vidrio borosilicato 3.3, este beaker garantiza una transparencia excepcional y una resistencia superior a la corrosión química y al choque térmico, soportando temperaturas de hasta 500°C sin comprometer su integridad.\n\nSu diseño compacto no sacrifica la funcionalidad: incluye un pico vertedor tipo antigoteo para un trasvase seguro y graduaciones blancas de alta visibilidad que facilitan la medición visual rápida. Es ideal para laboratorios educativos, farmacéuticos y de control de calidad donde la estabilidad y la durabilidad son críticas. Al ser esterilizable en autoclave y reutilizable, representa una inversión eficiente y sostenible para su flujo de trabajo diario.", "technical_specs": {"Producto": "Vaso de Precipitado (Beaker)", "Capacidad nominal": "50 mL", "Material": "Vidrio Borosilicato 3.3", "Resistencia térmica": "Hasta 500°C (Excelente ante choque térmico)", "Resistencia química": "Alta frente a ácidos, bases y solventes orgánicos", "Graduacion": "Impresa en color blanco (Resistente al calor y químicos)", "Tolerancia volumen": "± 5%", "Mantenimiento": "Reutilizable y apto para esterilización en autoclave", "Aplicaciones": "Microescala, preparación de soluciones, docencia y análisis clínico"}, "price": "15.00", "promo_price": null, "stock": 15, "is_featured": false, "is_active": true, "created_by": ["Williams"], "created_at": "2025-12-29T23:49:11.737Z", "updated_at": "2025-12-29T23:51:59.872Z"}}, {"model": "app.product", "pk": "a718868c-8174-4ebb-ba29-bba7df917de0", "fields": {"category": null, "vendor": 4, "name": "Microcubetas EKF Hemo Control - Caja x 50 Unidades (Empaque Individual)", "slug": "microcubetas-ekf-hemo-control", "description": "Optimice sus pruebas diagnósticas con las Microcubetas EKF Hemo Control, diseñadas específicamente para ofrecer resultados exactos en la determinación fotométrica de hemoglobina. Fabricadas en Alemania bajo los más estrictos estándares de calidad, estas microcubetas de poliestireno utilizan la metodología de azida metahemoglobina para garantizar una medición confiable en segundos.\n\n\n\nCada microcubeta viene en un sobre individual de aluminio-polietileno, lo que asegura la integridad del reactivo y previene la contaminación cruzada en entornos clínicos exigentes. Su diseño permite trabajar con muestras mínimas de apenas 8 µl de sangre capilar, venosa o arterial, facilitando un proceso menos invasivo para el paciente y altamente eficiente para el laboratorio. Son el complemento indispensable y exclusivo para el equipo portátil EKF Hemocontrol.", "technical_specs": {"Marca": "EKF Diagnostics", "Modelo": "Hemo_Control", "País de origen": "Alemania", "Presentación": "Caja por 50 unidades en sobres individuales", "Material": "Poliestireno de grado médico", "Metodología": "Azida metahemoglobina", "Compatibilidad": "Equipo Portátil EKF HEMOCONTROL", "Volumen de muestra": "8 µl", "Tipos de sangre": "Capilar, venosa o arterial", "Principio de medición": "Fotometría de absorción óptica", "Registro sanitario": "Requerido (Incluido)", "Uso": "Diagnóstico in vitro (IVD)"}, "price": "15.00", "promo_price": null, "stock": 13, "is_featured": false, "is_active": true, "created_by": ["Williams"], "created_at": "2025-12-28T16:31:50.044Z", "updated_at": "2025-12-28T16:35:41.991Z"}}, {"model": "app.product", "pk": "aa8be59d-bc75-4073-8c62-1ddc760afacd", "fields": {"category": null, "vendor": 2, "name": "Microscopio Digital Biológico Trinocular con Pantalla LCD de 7” – 2.0 MP", "slug": "microscopio-digital-biologico-trinocular-lcd-7", "description": "Microscopio biológico trinocular con sistema óptico acromático, ampliación hasta 1600x y cámara digital de 2.0 MP integrada con pantalla LCD de 7”.", "technical_specs": {"Tipo de microscopio": "Microscopio biológico digital", "Tipo de cabeza": "Trinocular Seidentopf", "Sistema óptico": "Acromático", "Ampliación total": "40x – 1600x", "Objetivos": "Acromáticos 4x, 10x, 40x (resorte), 100x (resorte, aceite)", "Oculares": "WF 10x, WF 16x", "Diámetro del ocular": "23.2 mm", "Pantalla": "LCD integrada de 7”", "Resolución de la cámara": "2.0 MP (1920 × 1080)", "Sensor de imagen": "CMOS 1/2.75”", "Tamaño de píxel": "2.8 × 2.8 μm", "Salida de cámara": "USB 2.0, salida a LCD, PC o dispositivo móvil", "Montaje de cámara": "Montura C", "Compatibilidad de sistemas": "Android, iOS, Windows 7 / 10 / 11, iMac", "Almacenamiento": "Ranura Micro SD (hasta 32 GB)", "Fuente de luz": "LED con brillo ajustable", "Condensador": "Abbe NA 1.25 con diafragma de iris", "Etapa mecánica": "Doble capa 115 × 125 mm", "Tipo de enfoque": "Coaxial grueso y fino", "Rango de enfoque": "13 mm", "Funciones de enfoque": "Tornillo de tope de seguridad", "Rotación de la cabeza": "360°", "Inclinación de la cabeza": "30°", "Distancia interpupilar": "55 – 75 mm", "Fuente de alimentación": "5 V CC / 2 A (adaptador USB)", "Funciones estándar": "Campo brillante (BF)"}, "price": "15.00", "promo_price": null, "stock": 13, "is_featured": false, "is_active": true, "created_by": ["Williams"], "created_at": "2025-12-28T15:10:24.080Z", "updated_at": "2025-12-30T04:10:57.355Z"}}, {"model": "app.product", "pk": "b2360c0f-b731-4761-95fc-9ee754af7976", "fields": {"category": null, "vendor": 3, "name": "Termómetro Infrarrojo Digital Contec TP500 - Medición Sin Contacto de Alta Precisión", "slug": "termmetro-infrarrojo-digital-contec", "description": "Garantice la seguridad y el bienestar de su familia o personal con el Termómetro Infrarrojo Digital Contec TP500. Gracias a su avanzado sistema de detección infrarroja importado, este dispositivo permite obtener mediciones de temperatura precisas en menos de 1 segundo. Su tecnología sin contacto permite realizar lecturas a una distancia de entre 5 y 15 cm, eliminando el riesgo de contaminación cruzada y asegurando una higiene total.\n\n\n\nEste modelo destaca por su versatilidad y facilidad de uso: cuenta con una pantalla LCD de gran tamaño con retroiluminación blanca para una lectura clara bajo cualquier condición de luz. Además, permite almacenar hasta 32 registros históricos para realizar un seguimiento detallado y comparativo de la temperatura. Es un equipo eficiente, diseñado para durar más de 3 millones de mediciones, convirtiéndolo en la inversión ideal para el hogar, oficinas o establecimientos de salud.", "technical_specs": {"Modelo": "TP500", "Tecnología": "Infrarroja sin contacto (frente humana)", "Tiempo de medición": "≤ 1 segundo", "Rango de temperatura": "32.0°C - 42.0°C", "Precisión": "± 0.2°C", "Distancia de medición": "5 cm - 15 cm", "Memoria": "32 datos de almacenamiento para comparación", "Pantalla": "LCD grande con retroiluminación blanca", "Unidades": "Celsius (°C) y Fahrenheit (°F)", "Alimentación": "2 baterías AAA (> 100,000 usos)", "Ajustes especiales": "Alarma de temperatura ajustable y compensación por tono de piel", "Vida útil": "Más de 3,000,000 de mediciones", "Peso neto": "175 gramos"}, "price": "15.00", "promo_price": null, "stock": 14, "is_featured": false, "is_active": true, "created_by": ["Williams"], "created_at": "2025-12-28T16:16:24.587Z", "updated_at": "2025-12-30T04:10:57.370Z"}}, {"model": "app.product", "pk": "b630416a-bd78-453d-8fb9-a27122c4bf66", "fields": {"category": null, "vendor": 5, "name": "Luna de Reloj de Vidrio Borosilicatado - 70 mm / 100 mm", "slug": "luna-de-reloj-de-vidrio-borosilicatado", "description": "Añada versatilidad y protección a su mesa de trabajo con las Lunas de Reloj de Vidrio Borosilicatado, disponibles en diámetros de 70 mm y 100 mm. Estos instrumentos de forma convexa son esenciales para una amplia gama de aplicaciones: desde actuar como cubiertas seguras para vasos de precipitados (evitando la entrada de polvo y contaminantes), hasta servir como superficies de evaporación para pequeñas cantidades de líquidos.\n\nFabricadas en vidrio de alta calidad, estas lunas ofrecen una excelente resistencia térmica de hasta 300°C y una inercia química superior frente a los reactivos más comunes. Su superficie pulida y lisa evita la adherencia de sustancias, facilitando una limpieza profunda y rápida. Con un diseño de bisel delgado para un manejo ergonómico, son la elección perfecta para laboratorios clínicos, biológicos y educativos que no comprometen la pureza de sus resultados.", "technical_specs": {"Producto": "Luna de Reloj (Watch Glass)", "Material": "Vidrio borosilicatado de alta resistencia", "Forma": "Convexa (tipo lente de reloj)", "Resistencia térmica": "Hasta 300°C", "Acabado": "Superficie pulida y bisel liso (anti-adherente)", "Mantenimiento": "Lavable con agua tibia, detergente suave o alcohol isopropílico", "Precauciones": "No exceder la temperatura recomendada; evitar golpes directos"}, "price": "15.00", "promo_price": null, "stock": 15, "is_featured": false, "is_active": true, "created_by": ["Williams"], "created_at": "2025-12-30T02:00:03.088Z", "updated_at": "2025-12-30T02:02:55.154Z"}}, {"model": "app.product", "pk": "e4bc0617-65cc-47b8-9b17-e5f3294ba246", "fields": {"category": null, "vendor": 5, "name": "Termómetro Digital de Vástago TP101 - Acero Inoxidable para Alimentos e Industria", "slug": "termmetro-digital-de-vstago-tp101", "description": "Obtenga lecturas precisas al instante con el Termómetro Digital de Vástago TP101, el aliado perfecto para quienes exigen control total sobre la temperatura en cualquier entorno. Equipado con una robusta sonda de acero inoxidable de 105 mm, este dispositivo permite acceder de forma segura a zonas estrechas o interiores de difícil alcance, siendo ideal para el sector alimentario, automotriz y laboratorios farmacéuticos. \n\n\n\n\n\nSu amplio rango de medición, que abarca desde -50°C hasta +300°C, lo hace apto para todo: desde el control de aceites y carnes hasta sistemas de climatización y gases de escape. Cuenta con funciones inteligentes como memoria de lectura (HOLD), registro de valores máximos y mínimos, y un sistema de apagado automático tras 15 minutos de inactividad para maximizar la vida útil de su batería. Es ligero, resistente y extremadamente fácil de usar, garantizando mediciones exactas en segundos.", "technical_specs": {"Modelo": "TP101", "Rango de temperatura": "-50°C a +300°C (-58°F a +572°F)", "Precisión": "±1°C / 8°F", "Resolución": "0.1°C / 0.2°F", "Material de sonda": "Acero inoxidable de alta calidad", "Dimensiones de sonda": "Longitud 105 mm | Diámetro 4 mm", "Pantalla": "LCD de fácil lectura (22 x 9 mm)", "Alimentación": "Pila 1.5V (Incluida)", "Dimensiones Totales": "185 x 20 mm", "Peso": "21 gramos"}, "price": "15.00", "promo_price": null, "stock": 12, "is_featured": false, "is_active": true, "created_by": ["Williams"], "created_at": "2025-12-29T21:33:52.893Z", "updated_at": "2025-12-29T21:46:10.127Z"}}, {"model": "app.product", "pk": "e763eecf-d355-4e8a-8c9f-f66460996e7f", "fields": {"category": null, "vendor": 5, "name": "Vaso de Precipitado de Vidrio Borosilicato 3.3 - 100 mL", "slug": "vaso-de-precipitado-de-vidrio", "description": "Optimice sus microanálisis con el Vaso de Precipitado de 100 mL, una pieza fundamental para laboratorios que requieren precisión en volúmenes reducidos. Fabricado bajo estándares internacionales con vidrio borosilicato 3.3, este vaso ofrece una transparencia cristalina y una resistencia excepcional a los cambios bruscos de temperatura (soporta hasta 500°C), garantizando seguridad total al calentar reactivos.\n\nSu diseño compacto cuenta con un pico vertedor antigoteo diseñado para un trasvase limpio, evitando pérdidas de muestras valiosas. Las graduaciones en color blanco son resistentes al calor y a la corrosión química, manteniendo su visibilidad tras múltiples usos y procesos de esterilización en autoclave. Es la herramienta ideal para la preparación de soluciones, disolución de solutos y trabajos de titulación donde la estabilidad y la calidad del material son innegociables.", "technical_specs": {"Producto": "Vaso de Precipitado (Beaker)", "Capacidad nominal": "100 mL", "Material": "Vidrio Borosilicato 3.3", "Resistencia térmica": "Hasta 500°C (Excelente ante choque térmico)", "Resistencia química": "Alta frente a ácidos, bases y solventes", "Graduación": "Impresa en color blanco (Resistente al calor)", "Tolerancia de volumen": "± 5%", "Mantenimiento": "Reutilizable y esterilizable en autoclave", "Aplicaciones": "Análisis clínico, biología, química educativa e investigación industrial"}, "price": "15.00", "promo_price": null, "stock": 15, "is_featured": false, "is_active": true, "created_by": ["Williams"], "created_at": "2025-12-29T22:33:37.904Z", "updated_at": "2025-12-29T22:37:39.822Z"}}, {"model": "app.product", "pk": "f77dd2d4-2c01-4f78-a375-a944f61c48ce", "fields": {"category": null, "vendor": 6, "name": "Balanza Digital Gramera Pocket de Precisión - 500g x 0.1g con Función Tara", "slug": "balanza-digital-gramera-pocket-de-precisin", "description": "Lleve la precisión a cualquier lugar con la Balanza Gramera Pocket, la herramienta definitiva para quienes requieren pesajes exactos en un formato ultra compacto. Diseñada para ofrecer una resolución de 0.1g y una capacidad de hasta 500g, esta balanza digital es ideal para el control de reactivos en laboratorios, formulaciones en farmacia o el pesaje de piezas delicadas en joyería.\n\nSu robusta plataforma de acero inoxidable garantiza durabilidad, mientras que su tapa protectora transparente cumple una doble función: protege los sensores durante el transporte y se convierte en una práctica bandeja de pesaje cuando se necesita. Con una pantalla LCD retroiluminada para lecturas claras en cualquier entorno y funciones avanzadas como el conteo de piezas (PCS) y la función tara, esta balanza combina potencia profesional con la comodidad de un dispositivo de bolsillo.", "technical_specs": {"Tipo": "Balanza digital portátil (Pocket Scale)", "Capacidad máxima": "500 g", "Resolución precisión": "0.1 g", "Unidades de medición": "g / oz / ozt / dwt / ct", "Pantalla": "LCD digital con retroiluminación", "Material de plataforma": "Acero inoxidable", "Tapa protectora": "Plástica transparente (utilizable como bandeja)", "Alimentación": "2 pilas AAA", "Temperatura de operación": "10°C - 30°C", "Aplicaciones": "Laboratorios clínicos, farmacia, joyería, pesaje de reactivos"}, "price": "15.00", "promo_price": null, "stock": 15, "is_featured": false, "is_active": true, "created_by": ["Williams"], "created_at": "2025-12-29T21:51:26.629Z", "updated_at": "2025-12-29T21:54:34.493Z"}}, {"model": "app.product", "pk": "f8ff590e-cd5c-47f6-aef0-43a5a521e48b", "fields": {"category": null, "vendor": null, "name": "Refractómetro ATC", "slug": "refractmetro-atc", "description": "Instrumento óptico con compensación automática de temperatura (ATC) para la medición precisa de sólidos solubles en líquidos mediante escala Brix.", "technical_specs": {"Rango de medición Brix (%)": "0–32 / 0–80 / 0–90", "Precisión (% Brix)": "±0.2", "Compensación automática de temperatura (ATC)": "Sí", "Rango de compensación de temperatura (°C)": "10 – 30", "Ajuste de temperatura": "Automático", "Escala de medición": "Brix (°Bx)", "Material de la lente": "Vidrio óptico", "Material del cuerpo": "Aleación de zinc / Plástico técnico resistente", "Volumen de muestra": "1–2 gotas", "Tipo de pantalla": "Escala óptica visible", "Calibración": "Manual mediante agua destilada"}, "price": "15.00", "promo_price": null, "stock": 15, "is_featured": false, "is_active": true, "created_by": ["Williams"], "created_at": "2025-12-28T14:51:46.039Z", "updated_at": "2026-01-03T06:59:52.435Z"}}, {"model": "app.productimage", "pk": 13, "fields": {"product": "f8ff590e-cd5c-47f6-aef0-43a5a521e48b", "image": "products/refractometro.png", "is_main": true}}, {"model": "app.productimage", "pk": 14, "fields": {"product": "f8ff590e-cd5c-47f6-aef0-43a5a521e48b", "image": "products/refractometro2.png", "is_main": false}}, {"model": "app.productimage", "pk": 16, "fields": {"product": "aa8be59d-bc75-4073-8c62-1ddc760afacd", "image": "products/upscalemedia-transformed_4.png", "is_main": false}}, {"model": "app.productimage", "pk": 17, "fields": {"product": "aa8be59d-bc75-4073-8c62-1ddc760afacd", "image": "products/Microsopio_trinocular3.png", "is_main": false}}, {"model": "app.productimage", "pk": 18, "fields": {"product": "aa8be59d-bc75-4073-8c62-1ddc760afacd", "image": "products/Microsopio_trinocular4.png", "is_main": false}}, {"model": "app.productimage", "pk": 22, "fields": {"product": "aa8be59d-bc75-4073-8c62-1ddc760afacd", "image": "products/Microsopio_trinocular8.png", "is_main": false}}, {"model": "app.productimage", "pk": 24, "fields": {"product": "aa8be59d-bc75-4073-8c62-1ddc760afacd", "image": "products/image-removebg-preview_5.png", "is_main": true}}, {"model": "app.productimage", "pk": 25, "fields": {"product": "62dffac2-93e7-4da4-b1ee-ced33e465817", "image": "products/image-removebg-preview_6.png", "is_main": true}}, {"model": "app.productimage", "pk": 26, "fields": {"product": "0a04d120-4acb-4ac5-8cfe-c88b96bdcf59", "image": "products/image-removebg-preview_8.png", "is_main": true}}, {"model": "app.productimage", "pk": 28, "fields": {"product": "b2360c0f-b731-4761-95fc-9ee754af7976", "image": "products/termometro_contec-removebg-preview.png", "is_main": true}}, {"model": "app.productimage", "pk": 29, "fields": {"product": "a718868c-8174-4ebb-ba29-bba7df917de0", "image": "products/image-removebg-preview_9.png", "is_main": true}}, {"model": "app.productimage", "pk": 30, "fields": {"product": "e4bc0617-65cc-47b8-9b17-e5f3294ba246", "image": "products/image-removebg-preview_10.png", "is_main": true}}, {"model": "app.productimage", "pk": 31, "fields": {"product": "f77dd2d4-2c01-4f78-a375-a944f61c48ce", "image": "products/image-removebg-preview_11.png", "is_main": true}}, {"model": "app.productimage", "pk": 32, "fields": {"product": "7417c425-d248-4f70-86a6-bb49af5104bd", "image": "products/image-removebg-preview_12.png", "is_main": true}}, {"model": "app.productimage", "pk": 33, "fields": {"product": "534db81e-e5a5-48c6-8673-0830c600efba", "image": "products/image-removebg-preview_13.png", "is_main": true}}, {"model": "app.productimage", "pk": 34, "fields": {"product": "534db81e-e5a5-48c6-8673-0830c600efba", "image": "products/image-removebg-preview_14.png", "is_main": false}}, {"model": "app.productimage", "pk": 35, "fields": {"product": "534db81e-e5a5-48c6-8673-0830c600efba", "image": "products/image-removebg-preview_15.png", "is_main": false}}, {"model": "app.productimage", "pk": 36, "fields": {"product": "534db81e-e5a5-48c6-8673-0830c600efba", "image": "products/image-removebg-preview_16.png", "is_main": false}}, {"model": "app.productimage", "pk": 37, "fields": {"product": "2663e38d-32fe-49db-9467-91eeafa59139", "image": "products/image-removebg-preview_17.png", "is_main": true}}, {"model": "app.productimage", "pk": 38, "fields": {"product": "e763eecf-d355-4e8a-8c9f-f66460996e7f", "image": "products/image-removebg-preview_18.png", "is_main": true}}, {"model": "app.productimage", "pk": 39, "fields": {"product": "a4fca423-9347-4b3c-9c86-ad39a8e0f924", "image": "products/image-removebg-preview_19.png", "is_main": true}}, {"model": "app.productimage", "pk": 40, "fields": {"product": "900dee13-db8b-46e9-bc19-e42f5a4dd048", "image": "products/image-removebg-preview_20.png", "is_main": true}}, {"model": "app.productimage", "pk": 41, "fields": {"product": "940b9d1f-acaf-4676-aec8-1cbd61a718d4", "image": "products/image-removebg-preview_21.png", "is_main": true}}, {"model": "app.productimage", "pk": 42, "fields": {"product": "71741df1-1369-454c-a7a3-84784d106a10", "image": "products/image-removebg-preview_22.png", "is_main": true}}, {"model": "app.productimage", "pk": 43, "fields": {"product": "4ac816cc-0da0-478a-be49-92bd32df21c5", "image": "products/image-removebg-preview_23.png", "is_main": true}}, {"model": "app.productimage", "pk": 44, "fields": {"product": "b630416a-bd78-453d-8fb9-a27122c4bf66", "image": "products/image-removebg-preview_24.png", "is_main": true}}, {"model": "app.productimage", "pk": 46, "fields": {"product": "b630416a-bd78-453d-8fb9-a27122c4bf66", "image": "products/image-removebg-preview_25_gA8KMxw.png", "is_main": false}}, {"model": "app.productimage", "pk": 47, "fields": {"product": "6949651b-89c8-4261-9386-b858b65f9f5b", "image": "products/image-removebg-preview_28.png", "is_main": true}}, {"model": "app.productimage", "pk": 48, "fields": {"product": "6949651b-89c8-4261-9386-b858b65f9f5b", "image": "products/image-removebg-preview_27.png", "is_main": false}}, {"model": "app.productimage", "pk": 49, "fields": {"product": "6949651b-89c8-4261-9386-b858b65f9f5b", "image": "products/image-removebg-preview_26.png", "is_main": false}}, {"model": "app.productimage", "pk": 50, "fields": {"product": "aa8be59d-bc75-4073-8c62-1ddc760afacd", "image": "products/image-removebg-preview_21_AasZwzx.png", "is_main": false}}, {"model": "app.productimage", "pk": 51, "fields": {"product": "aa8be59d-bc75-4073-8c62-1ddc760afacd", "image": "products/image-removebg-preview_26_Uq8MoVs.png", "is_main": false}}, {"model": "app.productimage", "pk": 52, "fields": {"product": "aa8be59d-bc75-4073-8c62-1ddc760afacd", "image": "products/image-removebg-preview_21_jphTWGx.png", "is_main": false}}, {"model": "app.productimage", "pk": 53, "fields": {"product": "aa8be59d-bc75-4073-8c62-1ddc760afacd", "image": "products/image-removebg-preview_20_sFHMgTu.png", "is_main": false}}, {"model": "app.productimage", "pk": 56, "fields": {"product": "aa8be59d-bc75-4073-8c62-1ddc760afacd", "image": "products/image-removebg-preview_14_SWmRMsS.png", "is_main": false}}, {"model": "app.cart", "pk": "56e94d55-0810-4d4f-865f-99ecd1ee360c", "fields": {"user": ["Diego"], "session_key": "", "created_at": "2025-12-25T16:30:55.293Z"}}, {"model": "app.cart", "pk": "a7c6ed85-b40e-4c92-b572-6f60ba262985", "fields": {"user": ["Manolo"], "session_key": "", "created_at": "2025-12-26T05:04:25.010Z"}}, {"model": "app.banner", "pk": 9, "fields": {"title": "Primer ejemplo", "tagline": "Primer tagline", "image": "banners/banner_prueba.jpg", "link": "", "start_date": "2025-12-26", "end_date": "2025-12-27", "is_active": true}}, {"model": "app.banner", "pk": 10, "fields": {"title": "Segundo Banner", "tagline": "Segundo tagline, este es el segundo tagline", "image": "banners/banner_prueba_2.jpg", "link": "", "start_date": "2025-12-26", "end_date": "2025-12-27", "is_active": true}}, {"model": "app.banner", "pk": 11, "fields": {"title": "Tercer Banner", "tagline": "Este es el tercer Banner de este proyecto de venta de instrumentos de laboratorio", "image": "banners/images.jpg", "link": "", "start_date": "2025-12-27", "end_date": "2025-12-28", "is_active": true}}, {"model": "app.banner", "pk": 12, "fields": {"title": "Venta de instrumentos científicos de alta calidad", "tagline": "Respaldo técnico garantizado", "image": "banners/images_8c7YNOl.jpg", "link": "", "start_date": "2025-12-29", "end_date": "2025-12-31", "is_active": true}}, {"model": "app.banner", "pk": 13, "fields": {"title": "Avances de investigación con eficiencia", "tagline": "Nos aseguramos de suministrar los instrumentos necesarios para el desarrollo de su investigación", "image": "banners/banner_prueba_aP7WYx4.jpg", "link": "", "start_date": "2025-12-29", "end_date": "2025-12-31", "is_active": true}}, {"model": "app.banner", "pk": 14, "fields": {"title": "Precisión que transforma resultados", "tagline": "Ciencia que marca la diferencia", "image": "banners/banner01.jpg", "link": "", "start_date": "2025-12-31", "end_date": "2026-01-05", "is_active": true}}, {"model": "app.banner", "pk": 15, "fields": {"title": "El futuro de la ciencia, hoy", "tagline": "Innovación científica al servicio del conocimiento", "image": "banners/banner02.jpg", "link": "", "start_date": "2025-12-31", "end_date": "2026-01-05", "is_active": true}}, {"model": "app.banner", "pk": 16, "fields": {"title": "Resultados confiables para decisiones exactas", "tagline": "Excelencia científica en cada detalle", "image": "banners/banner03.jpg", "link": "", "start_date": "2025-12-31", "end_date": "2026-01-05", "is_active": true}}, {"model": "app.banner", "pk": 17, "fields": {"title": "Impulsamos la ciencia que mueve al mundo", "tagline": "Soluciones científicas de alto nivel", "image": "banners/banner04.jpg", "link": "", "start_date": "2025-12-31", "end_date": "2026-01-05", "is_active": true}}, {"model": "app.banner", "pk": 18, "fields": {"title": "Cuando la precisión importa", "tagline": "Precisión que impulsa la ciencia", "image": "banners/banner05.jpg", "link": "", "start_date": "2025-12-31", "end_date": "2026-01-05", "is_active": true}}, {"model": "app.banner", "pk": 19, "fields": {"title": "Estándares más altos para la ciencia moderna", "tagline": "Excelencia científica sin concesiones", "image": "banners/banner06.jpg", "link": "", "start_date": "2025-12-31", "end_date": "2026-01-05", "is_active": true}}, {"model": "token_blacklist.outstandingtoken", "pk": 1, "fields": {"user": ["Williams"], "jti": "0a01679099884a628b5841c4fc939f97", "token": "eyJhbGciOiJIUzI1NiIsInR5cCI6IkpXVCJ9.eyJ0b2tlbl90eXBlIjoicmVmcmVzaCIsImV4cCI6MTc2NjQ1MjY3MywiaWF0IjoxNzY2NDUyNjEzLCJqdGkiOiIwYTAxNjc5MDk5ODg0YTYyOGI1ODQxYzRmYzkzOWY5NyIsInVzZXJfaWQiOiI5Y2IyYTc0OC1jZDM2LTQwYzQtYjY1ZS1iYjI0OWM2OTQ4ZjkifQ.7rpDTwa9_1y5lYqUYxfzgWguEAf6Y1VheD6KhmEK1n4", "created_at": "2025-12-23T01:16:53.772Z", "expires_at": "2025-12-23T01:17:53Z"}}, {"model": "token_blacklist.outstandingtoken", "pk": 2, "fields": {"user": ["Williams"], "jti": "50d92c7b688a4435b4ca9720a5ba6b6c", "token": "eyJhbGciOiJIUzI1NiIsInR5cCI6IkpXVCJ9.eyJ0b2tlbl90eXBlIjoicmVmcmVzaCIsImV4cCI6MTc2NjQ1MjcxMywiaWF0IjoxNzY2NDUyNjUzLCJqdGkiOiI1MGQ5MmM3YjY4OGE0NDM1YjRjYTk3MjBhNWJhNmI2YyIsInVzZXJfaWQiOiI5Y2IyYTc0OC1jZDM2LTQwYzQtYjY1ZS1iYjI0OWM2OTQ4ZjkifQ.nO5whxhciS2RzOtWd6QHrOkyov8j69SLJuIhxf3fLLk", "created_at": "2025-12-23T01:17:33.853Z", "expires_at": "2025-12-23T01:18:33Z"}}, {"model": "token_blacklist.outstandingtoken", "pk": 3, "fields": {"user": ["Williams"], "jti": "f250cf88cdda4adeb0b72d3087cdad4c", "token": "eyJhbGciOiJIUzI1NiIsInR5cCI6IkpXVCJ9.eyJ0b2tlbl90eXBlIjoicmVmcmVzaCIsImV4cCI6MTc2NjQ1Mjg0NywiaWF0IjoxNzY2NDUyNzg3LCJqdGkiOiJmMjUwY2Y4OGNkZGE0YWRlYjBiNzJkMzA4N2NkYWQ0YyIsInVzZXJfaWQiOiI5Y2IyYTc0OC1jZDM2LTQwYzQtYjY1ZS1iYjI0OWM2OTQ4ZjkifQ.naLdmoqkvpllSzbG-Nz4HOycmehbnbeshXKOrEBDCDg", "created_at": "2025-12-23T01:19:47.305Z", "expires_at": "2025-12-23T01:20:47Z"}}, {"model": "token_blacklist.outstandingtoken", "pk": 4, "fields": {"user": ["Williams"], "jti": "8ef9a3f4033d4bc4979b568a9a66a6f3", "token": "eyJhbGciOiJIUzI1NiIsInR5cCI6IkpXVCJ9.eyJ0b2tlbl90eXBlIjoicmVmcmVzaCIsImV4cCI6MTc2NjQ1Mjk0MSwiaWF0IjoxNzY2NDUyODgxLCJqdGkiOiI4ZWY5YTNmNDAzM2Q0YmM0OTc5YjU2OGE5YTY2YTZmMyIsInVzZXJfaWQiOiI5Y2IyYTc0OC1jZDM2LTQwYzQtYjY1ZS1iYjI0OWM2OTQ4ZjkifQ.uwPMpe-Ue_Bff04gBp1vWSOKVNX46hNt2KSqH11oWW8", "created_at": "2025-12-23T01:21:21.321Z", "expires_at": "2025-12-23T01:22:21Z"}}, {"model": "token_blacklist.outstandingtoken", "pk": 5, "fields": {"user": ["Williams"], "jti": "49717abc0d104933a272da7e07fe257f", "token": "eyJhbGciOiJIUzI1NiIsInR5cCI6IkpXVCJ9.eyJ0b2tlbl90eXBlIjoicmVmcmVzaCIsImV4cCI6MTc2NjQ1MzE3OCwiaWF0IjoxNzY2NDUzMTE4LCJqdGkiOiI0OTcxN2FiYzBkMTA0OTMzYTI3MmRhN2UwN2ZlMjU3ZiIsInVzZXJfaWQiOiI5Y2IyYTc0OC1jZDM2LTQwYzQtYjY1ZS1iYjI0OWM2OTQ4ZjkifQ.4bBg-ouhX4EKrExCPQrxKfS2JDehjwnuCYjUvNX7pCI", "created_at": "2025-12-23T01:25:18.322Z", "expires_at": "2025-12-23T01:26:18Z"}}, {"model": "token_blacklist.outstandingtoken", "pk": 6, "fields": {"user": ["Williams"], "jti": "8d4cf16ca1924f25b7ddb2b268e393bd", "token": "eyJhbGciOiJIUzI1NiIsInR5cCI6IkpXVCJ9.eyJ0b2tlbl90eXBlIjoicmVmcmVzaCIsImV4cCI6MTc2NjQ1MzMyNywiaWF0IjoxNzY2NDUzMjY3LCJqdGkiOiI4ZDRjZjE2Y2ExOTI0ZjI1YjdkZGIyYjI2OGUzOTNiZCIsInVzZXJfaWQiOiI5Y2IyYTc0OC1jZDM2LTQwYzQtYjY1ZS1iYjI0OWM2OTQ4ZjkifQ.jJZ-tC2w6HSeQxp2Wk-Mes3cgk6euS71zzGnP0SRDk4", "created_at": "2025-12-23T01:27:47.659Z", "expires_at": "2025-12-23T01:28:47Z"}}, {"model": "token_blacklist.outstandingtoken", "pk": 7, "fields": {"user": ["Williams"], "jti": "96c2a800d1be42a3b7f5dc6435f37500", "token": "eyJhbGciOiJIUzI1NiIsInR5cCI6IkpXVCJ9.eyJ0b2tlbl90eXBlIjoicmVmcmVzaCIsImV4cCI6MTc2NjQ1MzQwMywiaWF0IjoxNzY2NDUzMzQzLCJqdGkiOiI5NmMyYTgwMGQxYmU0MmEzYjdmNWRjNjQzNWYzNzUwMCIsInVzZXJfaWQiOiI5Y2IyYTc0OC1jZDM2LTQwYzQtYjY1ZS1iYjI0OWM2OTQ4ZjkifQ.3SjvH5BMGhzz28B6-Z76S-CmqPmrvBcpLw_cpcvsDa0", "created_at": "2025-12-23T01:29:03.494Z", "expires_at": "2025-12-23T01:30:03Z"}}, {"model": "token_blacklist.outstandingtoken", "pk": 8, "fields": {"user": ["Williams"], "jti": "4ac7dc7ec5d74a51afb46341d797db48", "token": "eyJhbGciOiJIUzI1NiIsInR5cCI6IkpXVCJ9.eyJ0b2tlbl90eXBlIjoicmVmcmVzaCIsImV4cCI6MTc2NjQ1MzgyMCwiaWF0IjoxNzY2NDUzNzYwLCJqdGkiOiI0YWM3ZGM3ZWM1ZDc0YTUxYWZiNDYzNDFkNzk3ZGI0OCIsInVzZXJfaWQiOiI5Y2IyYTc0OC1jZDM2LTQwYzQtYjY1ZS1iYjI0OWM2OTQ4ZjkifQ.9DeF9m09_xm71rWtplw7uS7PQqqil7Y9JZ5dg1Typfw", "created_at": "2025-12-23T01:36:00.950Z", "expires_at": "2025-12-23T01:37:00Z"}}, {"model": "token_blacklist.outstandingtoken", "pk": 9, "fields": {"user": ["Williams"], "jti": "db21979839a144459d3d407008dd32fa", "token": "eyJhbGciOiJIUzI1NiIsInR5cCI6IkpXVCJ9.eyJ0b2tlbl90eXBlIjoicmVmcmVzaCIsImV4cCI6MTc2NjQ1NDEwOSwiaWF0IjoxNzY2NDU0MDQ5LCJqdGkiOiJkYjIxOTc5ODM5YTE0NDQ1OWQzZDQwNzAwOGRkMzJmYSIsInVzZXJfaWQiOiI5Y2IyYTc0OC1jZDM2LTQwYzQtYjY1ZS1iYjI0OWM2OTQ4ZjkifQ.--UFalYvMzJPlUKMriwJEwRKMBVL173fPMjzS47x5ME", "created_at": "2025-12-23T01:40:49.223Z", "expires_at": "2025-12-23T01:41:49Z"}}, {"model": "token_blacklist.outstandingtoken", "pk": 10, "fields": {"user": ["Williams"], "jti": "68b23cc12fe44df7a85954500b56c393", "token": "eyJhbGciOiJIUzI1NiIsInR5cCI6IkpXVCJ9.eyJ0b2tlbl90eXBlIjoicmVmcmVzaCIsImV4cCI6MTc2NjQ1NTU5OSwiaWF0IjoxNzY2NDU1NTM5LCJqdGkiOiI2OGIyM2NjMTJmZTQ0ZGY3YTg1OTU0NTAwYjU2YzM5MyIsInVzZXJfaWQiOiI5Y2IyYTc0OC1jZDM2LTQwYzQtYjY1ZS1iYjI0OWM2OTQ4ZjkifQ.sa5Sqd_QL5ChBsdAH3Jv4gKayGutIeTx1fYb0JnHExE", "created_at": "2025-12-23T02:05:39.691Z", "expires_at": "2025-12-23T02:06:39Z"}}, {"model": "token_blacklist.outstandingtoken", "pk": 11, "fields": {"user": ["Williams"], "jti": "148b164abeff4e7ab185c71a9086edfc", "token": "eyJhbGciOiJIUzI1NiIsInR5cCI6IkpXVCJ9.eyJ0b2tlbl90eXBlIjoicmVmcmVzaCIsImV4cCI6MTc2NjQ1NTc3NCwiaWF0IjoxNzY2NDU1NzE0LCJqdGkiOiIxNDhiMTY0YWJlZmY0ZTdhYjE4NWM3MWE5MDg2ZWRmYyIsInVzZXJfaWQiOiI5Y2IyYTc0OC1jZDM2LTQwYzQtYjY1ZS1iYjI0OWM2OTQ4ZjkifQ.R78MxSKVOuZMpvipcuQfCzM8YB7pb57vTTwO7BKdvaY", "created_at": "2025-12-23T02:08:34.239Z", "expires_at": "2025-12-23T02:09:34Z"}}, {"model": "token_blacklist.outstandingtoken", "pk": 12, "fields": {"user": ["Williams"], "jti": "316a4ad717f747ddb8736ccaa2a04e10", "token": "eyJhbGciOiJIUzI1NiIsInR5cCI6IkpXVCJ9.eyJ0b2tlbl90eXBlIjoicmVmcmVzaCIsImV4cCI6MTc2NjQ1NjE2OCwiaWF0IjoxNzY2NDU2MTA4LCJqdGkiOiIzMTZhNGFkNzE3Zjc0N2RkYjg3MzZjY2FhMmEwNGUxMCIsInVzZXJfaWQiOiI5Y2IyYTc0OC1jZDM2LTQwYzQtYjY1ZS1iYjI0OWM2OTQ4ZjkifQ.2kTIqDftaGiENvF9tVT--JQ5pb8ji-fjDVHvynsllFY", "created_at": "2025-12-23T02:15:08.249Z", "expires_at": "2025-12-23T02:16:08Z"}}, {"model": "token_blacklist.outstandingtoken", "pk": 13, "fields": {"user": ["Williams"], "jti": "a5ca6f12eeb94bfe9aef99ffd95eabee", "token": "eyJhbGciOiJIUzI1NiIsInR5cCI6IkpXVCJ9.eyJ0b2tlbl90eXBlIjoicmVmcmVzaCIsImV4cCI6MTc2NjQ1NjMxMywiaWF0IjoxNzY2NDU2MjUzLCJqdGkiOiJhNWNhNmYxMmVlYjk0YmZlOWFlZjk5ZmZkOTVlYWJlZSIsInVzZXJfaWQiOiI5Y2IyYTc0OC1jZDM2LTQwYzQtYjY1ZS1iYjI0OWM2OTQ4ZjkifQ._My--KEb5-zGQ8wCq6wfYCFT0WI9UmVjKayKvMmUuAw", "created_at": "2025-12-23T02:17:33.929Z", "expires_at": "2025-12-23T02:18:33Z"}}, {"model": "token_blacklist.outstandingtoken", "pk": 14, "fields": {"user": ["Williams"], "jti": "2d2242aab04f4c84b899d790b2b97ca5", "token": "eyJhbGciOiJIUzI1NiIsInR5cCI6IkpXVCJ9.eyJ0b2tlbl90eXBlIjoicmVmcmVzaCIsImV4cCI6MTc2NjQ2NTE4MCwiaWF0IjoxNzY2NDY1MTIwLCJqdGkiOiIyZDIyNDJhYWIwNGY0Yzg0Yjg5OWQ3OTBiMmI5N2NhNSIsInVzZXJfaWQiOiI5Y2IyYTc0OC1jZDM2LTQwYzQtYjY1ZS1iYjI0OWM2OTQ4ZjkifQ.GBybtpmavmdNZwGb1uD7nnCIiGoHrnaFTnrU9AjlUP0", "created_at": "2025-12-23T04:45:20.669Z", "expires_at": "2025-12-23T04:46:20Z"}}, {"model": "token_blacklist.outstandingtoken", "pk": 15, "fields": {"user": ["Williams"], "jti": "a2bfefe32e96423c9733aeeec154a1f2", "token": "eyJhbGciOiJIUzI1NiIsInR5cCI6IkpXVCJ9.eyJ0b2tlbl90eXBlIjoicmVmcmVzaCIsImV4cCI6MTc2NjQ2NTI1MSwiaWF0IjoxNzY2NDY1MTkxLCJqdGkiOiJhMmJmZWZlMzJlOTY0MjNjOTczM2FlZWVjMTU0YTFmMiIsInVzZXJfaWQiOiI5Y2IyYTc0OC1jZDM2LTQwYzQtYjY1ZS1iYjI0OWM2OTQ4ZjkifQ.WB7U7iaYxeY0H4P417G18tWQQk8fd4f3SfZDz5880Yg", "created_at": "2025-12-23T04:46:31.147Z", "expires_at": "2025-12-23T04:47:31Z"}}, {"model": "token_blacklist.outstandingtoken", "pk": 16, "fields": {"user": ["Williams"], "jti": "a6cd0e6b02f248808a5af2fc98bd6ceb", "token": "eyJhbGciOiJIUzI1NiIsInR5cCI6IkpXVCJ9.eyJ0b2tlbl90eXBlIjoicmVmcmVzaCIsImV4cCI6MTc2NjQ2NjMwNiwiaWF0IjoxNzY2NDY2MjQ2LCJqdGkiOiJhNmNkMGU2YjAyZjI0ODgwOGE1YWYyZmM5OGJkNmNlYiIsInVzZXJfaWQiOiI5Y2IyYTc0OC1jZDM2LTQwYzQtYjY1ZS1iYjI0OWM2OTQ4ZjkifQ._HrcvJ_efE_mlNgFI5LoqqF6W-0xJDCsT7Ca5LJ9He8", "created_at": "2025-12-23T05:04:06.396Z", "expires_at": "2025-12-23T05:05:06Z"}}, {"model": "token_blacklist.outstandingtoken", "pk": 17, "fields": {"user": ["Williams"], "jti": "070797d3b7b24b9d85d24ba5ce3473cd", "token": "eyJhbGciOiJIUzI1NiIsInR5cCI6IkpXVCJ9.eyJ0b2tlbl90eXBlIjoicmVmcmVzaCIsImV4cCI6MTc2NjUwMjI3MiwiaWF0IjoxNzY2NTAyMjEyLCJqdGkiOiIwNzA3OTdkM2I3YjI0YjlkODVkMjRiYTVjZTM0NzNjZCIsInVzZXJfaWQiOiI5Y2IyYTc0OC1jZDM2LTQwYzQtYjY1ZS1iYjI0OWM2OTQ4ZjkifQ.4yka8fjutDCZmDRXUXPsFz6TMsKQmYpguVhl6lvqduI", "created_at": "2025-12-23T15:03:32.523Z", "expires_at": "2025-12-23T15:04:32Z"}}, {"model": "token_blacklist.outstandingtoken", "pk": 18, "fields": {"user": ["Williams"], "jti": "42db6c49cdeb47ffbfa449cec63e2436", "token": "eyJhbGciOiJIUzI1NiIsInR5cCI6IkpXVCJ9.eyJ0b2tlbl90eXBlIjoicmVmcmVzaCIsImV4cCI6MTc2NjUwMjI5MSwiaWF0IjoxNzY2NTAyMjMxLCJqdGkiOiI0MmRiNmM0OWNkZWI0N2ZmYmZhNDQ5Y2VjNjNlMjQzNiIsInVzZXJfaWQiOiI5Y2IyYTc0OC1jZDM2LTQwYzQtYjY1ZS1iYjI0OWM2OTQ4ZjkifQ.9YchK2vXlINVuIXwKdrM4VJXkNnAfRlcA02_pCEgzHw", "created_at": "2025-12-23T15:03:51.883Z", "expires_at": "2025-12-23T15:04:51Z"}}, {"model": "token_blacklist.outstandingtoken", "pk": 19, "fields": {"user": ["Williams"], "jti": "5647336b5bde40df83d579afab2e5d52", "token": "eyJhbGciOiJIUzI1NiIsInR5cCI6IkpXVCJ9.eyJ0b2tlbl90eXBlIjoicmVmcmVzaCIsImV4cCI6MTc2NjUwNDAyMiwiaWF0IjoxNzY2NTAzOTYyLCJqdGkiOiI1NjQ3MzM2YjViZGU0MGRmODNkNTc5YWZhYjJlNWQ1MiIsInVzZXJfaWQiOiI5Y2IyYTc0OC1jZDM2LTQwYzQtYjY1ZS1iYjI0OWM2OTQ4ZjkifQ.UTV1-VUZXuKA-mLTskHitMzKkMAZ7H66qmyLBwHv4Ak", "created_at": "2025-12-23T15:32:42.397Z", "expires_at": "2025-12-23T15:33:42Z"}}, {"model": "token_blacklist.outstandingtoken", "pk": 20, "fields": {"user": ["Williams"], "jti": "1b4e0b5211fd465fad35b9932dfda153", "token": "eyJhbGciOiJIUzI1NiIsInR5cCI6IkpXVCJ9.eyJ0b2tlbl90eXBlIjoicmVmcmVzaCIsImV4cCI6MTc2NjUwNTQxNSwiaWF0IjoxNzY2NTA1MzU1LCJqdGkiOiIxYjRlMGI1MjExZmQ0NjVmYWQzNWI5OTMyZGZkYTE1MyIsInVzZXJfaWQiOiI5Y2IyYTc0OC1jZDM2LTQwYzQtYjY1ZS1iYjI0OWM2OTQ4ZjkifQ.MdwnPxiiZsPSozyCfzeiAQNGKzQEuiDVavGh4R1lRmI", "created_at": "2025-12-23T15:55:55.239Z", "expires_at": "2025-12-23T15:56:55Z"}}, {"model": "token_blacklist.outstandingtoken", "pk": 21, "fields": {"user": ["Williams"], "jti": "6163882cc00d49e0bff0e225b94e8f0d", "token": "eyJhbGciOiJIUzI1NiIsInR5cCI6IkpXVCJ9.eyJ0b2tlbl90eXBlIjoicmVmcmVzaCIsImV4cCI6MTc2NjUwNTU2OSwiaWF0IjoxNzY2NTA1NTA5LCJqdGkiOiI2MTYzODgyY2MwMGQ0OWUwYmZmMGUyMjViOTRlOGYwZCIsInVzZXJfaWQiOiI5Y2IyYTc0OC1jZDM2LTQwYzQtYjY1ZS1iYjI0OWM2OTQ4ZjkifQ.qLuQDGyPaknAf08iRQKbcRVAdE1YHvNhYHpsspYV18w", "created_at": "2025-12-23T15:58:29.270Z", "expires_at": "2025-12-23T15:59:29Z"}}, {"model": "token_blacklist.outstandingtoken", "pk": 22, "fields": {"user": ["Williams"], "jti": "da40be15bb774eb9a3a7d2d893b86189", "token": "eyJhbGciOiJIUzI1NiIsInR5cCI6IkpXVCJ9.eyJ0b2tlbl90eXBlIjoicmVmcmVzaCIsImV4cCI6MTc2NjUwNjAzMCwiaWF0IjoxNzY2NTA1OTcwLCJqdGkiOiJkYTQwYmUxNWJiNzc0ZWI5YTNhN2QyZDg5M2I4NjE4OSIsInVzZXJfaWQiOiI5Y2IyYTc0OC1jZDM2LTQwYzQtYjY1ZS1iYjI0OWM2OTQ4ZjkifQ.8K_dD0fsoBappTQvnDGNde3g575gTmH_cPs83sZVSik", "created_at": "2025-12-23T16:06:10.011Z", "expires_at": "2025-12-23T16:07:10Z"}}, {"model": "token_blacklist.outstandingtoken", "pk": 23, "fields": {"user": ["Williams"], "jti": "6f52216312254519820fd1f1ee731dc2", "token": "eyJhbGciOiJIUzI1NiIsInR5cCI6IkpXVCJ9.eyJ0b2tlbl90eXBlIjoicmVmcmVzaCIsImV4cCI6MTc2NjUwNjI0MCwiaWF0IjoxNzY2NTA2MTgwLCJqdGkiOiI2ZjUyMjE2MzEyMjU0NTE5ODIwZmQxZjFlZTczMWRjMiIsInVzZXJfaWQiOiI5Y2IyYTc0OC1jZDM2LTQwYzQtYjY1ZS1iYjI0OWM2OTQ4ZjkifQ.e3_zr6vu8NzOdxLJkbTF_ZRbHS88v1-7e0Niu14vIS4", "created_at": "2025-12-23T16:09:40.167Z", "expires_at": "2025-12-23T16:10:40Z"}}, {"model": "token_blacklist.outstandingtoken", "pk": 24, "fields": {"user": ["Williams"], "jti": "b3209ea326c84b32b8bc6af98824d868", "token": "eyJhbGciOiJIUzI1NiIsInR5cCI6IkpXVCJ9.eyJ0b2tlbl90eXBlIjoicmVmcmVzaCIsImV4cCI6MTc2NjUwNjU0MywiaWF0IjoxNzY2NTA2NDgzLCJqdGkiOiJiMzIwOWVhMzI2Yzg0YjMyYjhiYzZhZjk4ODI0ZDg2OCIsInVzZXJfaWQiOiI5Y2IyYTc0OC1jZDM2LTQwYzQtYjY1ZS1iYjI0OWM2OTQ4ZjkifQ.SILEPrgMy1qJvvlTayqliwiMlnDYAPLs20kDWDosbqA", "created_at": "2025-12-23T16:14:43.153Z", "expires_at": "2025-12-23T16:15:43Z"}}, {"model": "token_blacklist.outstandingtoken", "pk": 25, "fields": {"user": ["Williams"], "jti": "e626f7e5b12e4abbbd45b59d5f9b6a44", "token": "eyJhbGciOiJIUzI1NiIsInR5cCI6IkpXVCJ9.eyJ0b2tlbl90eXBlIjoicmVmcmVzaCIsImV4cCI6MTc2NjUwNzYyOCwiaWF0IjoxNzY2NTA3NTY4LCJqdGkiOiJlNjI2ZjdlNWIxMmU0YWJiYmQ0NWI1OWQ1ZjliNmE0NCIsInVzZXJfaWQiOiI5Y2IyYTc0OC1jZDM2LTQwYzQtYjY1ZS1iYjI0OWM2OTQ4ZjkifQ.Krb5IB-hAqxrFGSYeJAMb01XAnOUYnw56w--AgVCmN4", "created_at": "2025-12-23T16:32:48.425Z", "expires_at": "2025-12-23T16:33:48Z"}}, {"model": "token_blacklist.outstandingtoken", "pk": 26, "fields": {"user": ["Williams"], "jti": "20736527bc6f42c7982c23cf403766e4", "token": "eyJhbGciOiJIUzI1NiIsInR5cCI6IkpXVCJ9.eyJ0b2tlbl90eXBlIjoicmVmcmVzaCIsImV4cCI6MTc2NjUwODM0MiwiaWF0IjoxNzY2NTA4MjgyLCJqdGkiOiIyMDczNjUyN2JjNmY0MmM3OTgyYzIzY2Y0MDM3NjZlNCIsInVzZXJfaWQiOiI5Y2IyYTc0OC1jZDM2LTQwYzQtYjY1ZS1iYjI0OWM2OTQ4ZjkifQ.k0hY4mtTGKnQbnqbEPHQjdLRv3EDZA8fv0pJjSuXLiU", "created_at": "2025-12-23T16:44:42.078Z", "expires_at": "2025-12-23T16:45:42Z"}}, {"model": "token_blacklist.outstandingtoken", "pk": 27, "fields": {"user": ["Williams"], "jti": "fd43ce0f77c6479983fd6a4525257db1", "token": "eyJhbGciOiJIUzI1NiIsInR5cCI6IkpXVCJ9.eyJ0b2tlbl90eXBlIjoicmVmcmVzaCIsImV4cCI6MTc2NjUwODY2NiwiaWF0IjoxNzY2NTA4NjA2LCJqdGkiOiJmZDQzY2UwZjc3YzY0Nzk5ODNmZDZhNDUyNTI1N2RiMSIsInVzZXJfaWQiOiI5Y2IyYTc0OC1jZDM2LTQwYzQtYjY1ZS1iYjI0OWM2OTQ4ZjkifQ.4TPi7GPrYcllBCaNvHGUL7uta-7eUBE-htKzbcSAGbg", "created_at": "2025-12-23T16:50:06.674Z", "expires_at": "2025-12-23T16:51:06Z"}}, {"model": "token_blacklist.outstandingtoken", "pk": 28, "fields": {"user": ["Williams"], "jti": "cacce385da1a4f749ae5ce620e7629c4", "token": "eyJhbGciOiJIUzI1NiIsInR5cCI6IkpXVCJ9.eyJ0b2tlbl90eXBlIjoicmVmcmVzaCIsImV4cCI6MTc2NjUwOTczNiwiaWF0IjoxNzY2NTA5Njc2LCJqdGkiOiJjYWNjZTM4NWRhMWE0Zjc0OWFlNWNlNjIwZTc2MjljNCIsInVzZXJfaWQiOiI5Y2IyYTc0OC1jZDM2LTQwYzQtYjY1ZS1iYjI0OWM2OTQ4ZjkifQ.KzZKUX0V0tqs_o2pCEZsynKSdzq96RXqM92P5b3fvCo", "created_at": "2025-12-23T17:07:56.916Z", "expires_at": "2025-12-23T17:08:56Z"}}, {"model": "token_blacklist.outstandingtoken", "pk": 29, "fields": {"user": ["Williams"], "jti": "64c16b3abfcb42e894a5f15a49e62264", "token": "eyJhbGciOiJIUzI1NiIsInR5cCI6IkpXVCJ9.eyJ0b2tlbl90eXBlIjoicmVmcmVzaCIsImV4cCI6MTc2NjUxMDgyOSwiaWF0IjoxNzY2NTEwNzY5LCJqdGkiOiI2NGMxNmIzYWJmY2I0MmU4OTRhNWYxNWE0OWU2MjI2NCIsInVzZXJfaWQiOiI5Y2IyYTc0OC1jZDM2LTQwYzQtYjY1ZS1iYjI0OWM2OTQ4ZjkifQ.YjyW0V9BwhX18agTl-Wbf3Ktbd6MIHNmdknVkmMYtX0", "created_at": "2025-12-23T17:26:09.894Z", "expires_at": "2025-12-23T17:27:09Z"}}, {"model": "token_blacklist.outstandingtoken", "pk": 30, "fields": {"user": ["Williams"], "jti": "ba9eb93c64dc45d78f013906964daf15", "token": "eyJhbGciOiJIUzI1NiIsInR5cCI6IkpXVCJ9.eyJ0b2tlbl90eXBlIjoicmVmcmVzaCIsImV4cCI6MTc2NjUxMTE4NiwiaWF0IjoxNzY2NTExMTI2LCJqdGkiOiJiYTllYjkzYzY0ZGM0NWQ3OGYwMTM5MDY5NjRkYWYxNSIsInVzZXJfaWQiOiI5Y2IyYTc0OC1jZDM2LTQwYzQtYjY1ZS1iYjI0OWM2OTQ4ZjkifQ.RmhB9zV8Ll7NuiT-D-j52lG7jx-tlam9_ESQBfMFee0", "created_at": "2025-12-23T17:32:06.173Z", "expires_at": "2025-12-23T17:33:06Z"}}, {"model": "token_blacklist.outstandingtoken", "pk": 31, "fields": {"user": ["Williams"], "jti": "d8d34dc7e4ae471596f52ef4ee4cdbd2", "token": "eyJhbGciOiJIUzI1NiIsInR5cCI6IkpXVCJ9.eyJ0b2tlbl90eXBlIjoicmVmcmVzaCIsImV4cCI6MTc2NjUxMTYzNiwiaWF0IjoxNzY2NTExNTc2LCJqdGkiOiJkOGQzNGRjN2U0YWU0NzE1OTZmNTJlZjRlZTRjZGJkMiIsInVzZXJfaWQiOiI5Y2IyYTc0OC1jZDM2LTQwYzQtYjY1ZS1iYjI0OWM2OTQ4ZjkifQ.qQk-jdWwgIE-WozmeMqIS3BbQnn2ooiftZ6zmCkTkDs", "created_at": "2025-12-23T17:39:36.541Z", "expires_at": "2025-12-23T17:40:36Z"}}, {"model": "token_blacklist.outstandingtoken", "pk": 32, "fields": {"user": ["Williams"], "jti": "ba4f48d9d694474b9afc6cfa03746ccf", "token": "eyJhbGciOiJIUzI1NiIsInR5cCI6IkpXVCJ9.eyJ0b2tlbl90eXBlIjoicmVmcmVzaCIsImV4cCI6MTc2NjUxMjA3NSwiaWF0IjoxNzY2NTEyMDE1LCJqdGkiOiJiYTRmNDhkOWQ2OTQ0NzRiOWFmYzZjZmEwMzc0NmNjZiIsInVzZXJfaWQiOiI5Y2IyYTc0OC1jZDM2LTQwYzQtYjY1ZS1iYjI0OWM2OTQ4ZjkifQ.Sdiwpo2vHLTqoD6K5gAoZJZL9ce-6kipkYCyzsVhqZk", "created_at": "2025-12-23T17:46:55.016Z", "expires_at": "2025-12-23T17:47:55Z"}}, {"model": "token_blacklist.outstandingtoken", "pk": 33, "fields": {"user": ["Williams"], "jti": "18a23a9a58024902a131ecfc62ea2ec7", "token": "eyJhbGciOiJIUzI1NiIsInR5cCI6IkpXVCJ9.eyJ0b2tlbl90eXBlIjoicmVmcmVzaCIsImV4cCI6MTc2NjUxNjIwNywiaWF0IjoxNzY2NTE2MTQ3LCJqdGkiOiIxOGEyM2E5YTU4MDI0OTAyYTEzMWVjZmM2MmVhMmVjNyIsInVzZXJfaWQiOiI5Y2IyYTc0OC1jZDM2LTQwYzQtYjY1ZS1iYjI0OWM2OTQ4ZjkifQ.56osX5-IHm5fXhygmd2Tkm54kehI82hdeiH4jymYMpU", "created_at": "2025-12-23T18:55:47.074Z", "expires_at": "2025-12-23T18:56:47Z"}}, {"model": "token_blacklist.outstandingtoken", "pk": 34, "fields": {"user": ["Williams"], "jti": "5991d7d797d04a4eba942c1d6c848d40", "token": "eyJhbGciOiJIUzI1NiIsInR5cCI6IkpXVCJ9.eyJ0b2tlbl90eXBlIjoicmVmcmVzaCIsImV4cCI6MTc2NjUxNjY0NSwiaWF0IjoxNzY2NTE2NTg1LCJqdGkiOiI1OTkxZDdkNzk3ZDA0YTRlYmE5NDJjMWQ2Yzg0OGQ0MCIsInVzZXJfaWQiOiI5Y2IyYTc0OC1jZDM2LTQwYzQtYjY1ZS1iYjI0OWM2OTQ4ZjkifQ.fFEGC0qXZvkyzUif-nKDhWbJ7RxVXeqItgKirDe1MUo", "created_at": "2025-12-23T19:03:05.590Z", "expires_at": "2025-12-23T19:04:05Z"}}, {"model": "token_blacklist.outstandingtoken", "pk": 35, "fields": {"user": ["Williams"], "jti": "56312b90cc8a4b799b4ef221ad2f370b", "token": "eyJhbGciOiJIUzI1NiIsInR5cCI6IkpXVCJ9.eyJ0b2tlbl90eXBlIjoicmVmcmVzaCIsImV4cCI6MTc2NjUxNzA3NCwiaWF0IjoxNzY2NTE3MDE0LCJqdGkiOiI1NjMxMmI5MGNjOGE0Yjc5OWI0ZWYyMjFhZDJmMzcwYiIsInVzZXJfaWQiOiI5Y2IyYTc0OC1jZDM2LTQwYzQtYjY1ZS1iYjI0OWM2OTQ4ZjkifQ.rXN3Wtw2O2mNb-yyNDH9Ry3ly5upsGVRjJUW9Pvuy0o", "created_at": "2025-12-23T19:10:14.576Z", "expires_at": "2025-12-23T19:11:14Z"}}, {"model": "token_blacklist.outstandingtoken", "pk": 36, "fields": {"user": ["Williams"], "jti": "a0da226f4c93472d9b59adf79f0ef3f3", "token": "eyJhbGciOiJIUzI1NiIsInR5cCI6IkpXVCJ9.eyJ0b2tlbl90eXBlIjoicmVmcmVzaCIsImV4cCI6MTc2NjUxNzk2OCwiaWF0IjoxNzY2NTE3OTA4LCJqdGkiOiJhMGRhMjI2ZjRjOTM0NzJkOWI1OWFkZjc5ZjBlZjNmMyIsInVzZXJfaWQiOiI5Y2IyYTc0OC1jZDM2LTQwYzQtYjY1ZS1iYjI0OWM2OTQ4ZjkifQ.xz7bSVVYzeAKvByio6E7u3C8IdGmZHn9cXw-G7ScvEo", "created_at": "2025-12-23T19:25:08.389Z", "expires_at": "2025-12-23T19:26:08Z"}}, {"model": "token_blacklist.outstandingtoken", "pk": 37, "fields": {"user": ["Williams"], "jti": "deae76b25409459e8e8d4d8247b09428", "token": "eyJhbGciOiJIUzI1NiIsInR5cCI6IkpXVCJ9.eyJ0b2tlbl90eXBlIjoicmVmcmVzaCIsImV4cCI6MTc2NjUxODUyOSwiaWF0IjoxNzY2NTE4NDY5LCJqdGkiOiJkZWFlNzZiMjU0MDk0NTllOGU4ZDRkODI0N2IwOTQyOCIsInVzZXJfaWQiOiI5Y2IyYTc0OC1jZDM2LTQwYzQtYjY1ZS1iYjI0OWM2OTQ4ZjkifQ.4n3pB1D1qUiHKXjZNYqmLebQD8vZ228iNiZZUn_pUqU", "created_at": "2025-12-23T19:34:29.947Z", "expires_at": "2025-12-23T19:35:29Z"}}, {"model": "token_blacklist.outstandingtoken", "pk": 38, "fields": {"user": ["Williams"], "jti": "c102543ee1954452a64569b13e4548b5", "token": "eyJhbGciOiJIUzI1NiIsInR5cCI6IkpXVCJ9.eyJ0b2tlbl90eXBlIjoicmVmcmVzaCIsImV4cCI6MTc2NjUxODk2NSwiaWF0IjoxNzY2NTE4OTA1LCJqdGkiOiJjMTAyNTQzZWUxOTU0NDUyYTY0NTY5YjEzZTQ1NDhiNSIsInVzZXJfaWQiOiI5Y2IyYTc0OC1jZDM2LTQwYzQtYjY1ZS1iYjI0OWM2OTQ4ZjkifQ.vfEyEDTFo4vrcbmpn1ZeZX4Zgqfl6kL44p4x6CET2zI", "created_at": "2025-12-23T19:41:45.676Z", "expires_at": "2025-12-23T19:42:45Z"}}, {"model": "token_blacklist.outstandingtoken", "pk": 39, "fields": {"user": ["Williams"], "jti": "ee1e01c6bab74cc28714cdafba276f26", "token": "eyJhbGciOiJIUzI1NiIsInR5cCI6IkpXVCJ9.eyJ0b2tlbl90eXBlIjoicmVmcmVzaCIsImV4cCI6MTc2NjUxOTU1MCwiaWF0IjoxNzY2NTE5NDkwLCJqdGkiOiJlZTFlMDFjNmJhYjc0Y2MyODcxNGNkYWZiYTI3NmYyNiIsInVzZXJfaWQiOiI5Y2IyYTc0OC1jZDM2LTQwYzQtYjY1ZS1iYjI0OWM2OTQ4ZjkifQ.xfWsIXHmoL3wgSYya6EYM-gD445biO6qjcjKl1uTDrA", "created_at": "2025-12-23T19:51:30.634Z", "expires_at": "2025-12-23T19:52:30Z"}}, {"model": "token_blacklist.outstandingtoken", "pk": 40, "fields": {"user": ["Williams"], "jti": "a86a8a99768147c8af69d11b1c3cbc52", "token": "eyJhbGciOiJIUzI1NiIsInR5cCI6IkpXVCJ9.eyJ0b2tlbl90eXBlIjoicmVmcmVzaCIsImV4cCI6MTc2NjUxOTkwNywiaWF0IjoxNzY2NTE5ODQ3LCJqdGkiOiJhODZhOGE5OTc2ODE0N2M4YWY2OWQxMWIxYzNjYmM1MiIsInVzZXJfaWQiOiI5Y2IyYTc0OC1jZDM2LTQwYzQtYjY1ZS1iYjI0OWM2OTQ4ZjkifQ.r3MGH8dDcvwyf6u3omN0VXOpMhi__zOAfctERTCFYE8", "created_at": "2025-12-23T19:57:27.358Z", "expires_at": "2025-12-23T19:58:27Z"}}, {"model": "token_blacklist.outstandingtoken", "pk": 41, "fields": {"user": ["Williams"], "jti": "04b53d2002104a8994bbcd5a164301f4", "token": "eyJhbGciOiJIUzI1NiIsInR5cCI6IkpXVCJ9.eyJ0b2tlbl90eXBlIjoicmVmcmVzaCIsImV4cCI6MTc2NjUyMzY0NCwiaWF0IjoxNzY2NTIwMDQ0LCJqdGkiOiIwNGI1M2QyMDAyMTA0YTg5OTRiYmNkNWExNjQzMDFmNCIsInVzZXJfaWQiOiI5Y2IyYTc0OC1jZDM2LTQwYzQtYjY1ZS1iYjI0OWM2OTQ4ZjkifQ.tdMWqlLav47SL8jg8Ge_SU1RaVZ3mKT-WV25wQvdD9c", "created_at": "2025-12-23T20:00:44.588Z", "expires_at": "2025-12-23T21:00:44Z"}}, {"model": "token_blacklist.outstandingtoken", "pk": 42, "fields": {"user": ["Williams"], "jti": "d0074cd7376b49e79717e7c2dee56047", "token": "eyJhbGciOiJIUzI1NiIsInR5cCI6IkpXVCJ9.eyJ0b2tlbl90eXBlIjoicmVmcmVzaCIsImV4cCI6MTc2NjUyODMzMywiaWF0IjoxNzY2NTI0NzMzLCJqdGkiOiJkMDA3NGNkNzM3NmI0OWU3OTcxN2U3YzJkZWU1NjA0NyIsInVzZXJfaWQiOiI5Y2IyYTc0OC1jZDM2LTQwYzQtYjY1ZS1iYjI0OWM2OTQ4ZjkifQ.tPc9LWFqa21ZowGYn0qoPPpNBnmarqWfEOKZkN48XCg", "created_at": "2025-12-23T21:18:53.276Z", "expires_at": "2025-12-23T22:18:53Z"}}, {"model": "token_blacklist.outstandingtoken", "pk": 43, "fields": {"user": ["Williams"], "jti": "6d13c53734ed4ec981b4c87b7b693182", "token": "eyJhbGciOiJIUzI1NiIsInR5cCI6IkpXVCJ9.eyJ0b2tlbl90eXBlIjoicmVmcmVzaCIsImV4cCI6MTc2NjUzMjM4OSwiaWF0IjoxNzY2NTI4Nzg5LCJqdGkiOiI2ZDEzYzUzNzM0ZWQ0ZWM5ODFiNGM4N2I3YjY5MzE4MiIsInVzZXJfaWQiOiI5Y2IyYTc0OC1jZDM2LTQwYzQtYjY1ZS1iYjI0OWM2OTQ4ZjkifQ.AJUGDpQ7K3FosHUm4YBaVGbOX9niZXdv-z7wayWiE44", "created_at": "2025-12-23T22:26:29.230Z", "expires_at": "2025-12-23T23:26:29Z"}}, {"model": "token_blacklist.outstandingtoken", "pk": 44, "fields": {"user": ["Williams"], "jti": "fd1f5244f2754301926decb6498d38f9", "token": "eyJhbGciOiJIUzI1NiIsInR5cCI6IkpXVCJ9.eyJ0b2tlbl90eXBlIjoicmVmcmVzaCIsImV4cCI6MTc2NjUzNTMzMCwiaWF0IjoxNzY2NTMxNzMwLCJqdGkiOiJmZDFmNTI0NGYyNzU0MzAxOTI2ZGVjYjY0OThkMzhmOSIsInVzZXJfaWQiOiI5Y2IyYTc0OC1jZDM2LTQwYzQtYjY1ZS1iYjI0OWM2OTQ4ZjkifQ.opvoD_oaLYQI4u3LJaOceJ1u6BOV8pbMi1om2JnS8Z4", "created_at": "2025-12-23T23:15:30.245Z", "expires_at": "2025-12-24T00:15:30Z"}}, {"model": "token_blacklist.outstandingtoken", "pk": 45, "fields": {"user": ["Williams"], "jti": "66b2b12d94fe4653be1b74daec119e2a", "token": "eyJhbGciOiJIUzI1NiIsInR5cCI6IkpXVCJ9.eyJ0b2tlbl90eXBlIjoicmVmcmVzaCIsImV4cCI6MTc2NjUzOTU2NSwiaWF0IjoxNzY2NTM1OTY1LCJqdGkiOiI2NmIyYjEyZDk0ZmU0NjUzYmUxYjc0ZGFlYzExOWUyYSIsInVzZXJfaWQiOiI5Y2IyYTc0OC1jZDM2LTQwYzQtYjY1ZS1iYjI0OWM2OTQ4ZjkifQ.wHdg0Ajtv2VeHW0kXLeSoFghDEqVCyglJkE_EtkXsFo", "created_at": "2025-12-24T00:26:05.404Z", "expires_at": "2025-12-24T01:26:05Z"}}, {"model": "token_blacklist.outstandingtoken", "pk": 46, "fields": {"user": ["Williams"], "jti": "a751db1cee9144b3b979796edf940a38", "token": "eyJhbGciOiJIUzI1NiIsInR5cCI6IkpXVCJ9.eyJ0b2tlbl90eXBlIjoicmVmcmVzaCIsImV4cCI6MTc2NjU0MTU5NywiaWF0IjoxNzY2NTM3OTk3LCJqdGkiOiJhNzUxZGIxY2VlOTE0NGIzYjk3OTc5NmVkZjk0MGEzOCIsInVzZXJfaWQiOiI5Y2IyYTc0OC1jZDM2LTQwYzQtYjY1ZS1iYjI0OWM2OTQ4ZjkifQ.NKqkPl0o0agAeWjn3X7q1W5wMgzCT_mXaNTpIP_29SM", "created_at": "2025-12-24T00:59:57.438Z", "expires_at": "2025-12-24T01:59:57Z"}}, {"model": "token_blacklist.outstandingtoken", "pk": 47, "fields": {"user": ["Williams"], "jti": "accf9abb68954c91b591d31d14664b33", "token": "eyJhbGciOiJIUzI1NiIsInR5cCI6IkpXVCJ9.eyJ0b2tlbl90eXBlIjoicmVmcmVzaCIsImV4cCI6MTc2NjU0NTY2NywiaWF0IjoxNzY2NTQyMDY3LCJqdGkiOiJhY2NmOWFiYjY4OTU0YzkxYjU5MWQzMWQxNDY2NGIzMyIsInVzZXJfaWQiOiI5Y2IyYTc0OC1jZDM2LTQwYzQtYjY1ZS1iYjI0OWM2OTQ4ZjkifQ.odJzn1r49LSUEKULUfL5QkpoW4JcSGhNnn6i2_Ak9Pg", "created_at": "2025-12-24T02:07:47.245Z", "expires_at": "2025-12-24T03:07:47Z"}}, {"model": "token_blacklist.outstandingtoken", "pk": 48, "fields": {"user": ["Williams"], "jti": "8c1e214b31134b11a1c6725c08250688", "token": "eyJhbGciOiJIUzI1NiIsInR5cCI6IkpXVCJ9.eyJ0b2tlbl90eXBlIjoicmVmcmVzaCIsImV4cCI6MTc2NjU0OTI5MCwiaWF0IjoxNzY2NTQ1NjkwLCJqdGkiOiI4YzFlMjE0YjMxMTM0YjExYTFjNjcyNWMwODI1MDY4OCIsInVzZXJfaWQiOiI5Y2IyYTc0OC1jZDM2LTQwYzQtYjY1ZS1iYjI0OWM2OTQ4ZjkifQ.9-RppQu3ecvqdUU9ELfk_sW3Dfhrn8skCNAElR91sLA", "created_at": "2025-12-24T03:08:10.340Z", "expires_at": "2025-12-24T04:08:10Z"}}, {"model": "token_blacklist.outstandingtoken", "pk": 49, "fields": {"user": ["Williams"], "jti": "a8daa058c0b4457da62c477ea725c2d5", "token": "eyJhbGciOiJIUzI1NiIsInR5cCI6IkpXVCJ9.eyJ0b2tlbl90eXBlIjoicmVmcmVzaCIsImV4cCI6MTc2NjU1MzY5NSwiaWF0IjoxNzY2NTUwMDk1LCJqdGkiOiJhOGRhYTA1OGMwYjQ0NTdkYTYyYzQ3N2VhNzI1YzJkNSIsInVzZXJfaWQiOiI5Y2IyYTc0OC1jZDM2LTQwYzQtYjY1ZS1iYjI0OWM2OTQ4ZjkifQ.p_1vdQ_f_aDucM5UdBcSDn-Q49TV9PmsrW0WEsVVzYo", "created_at": "2025-12-24T04:21:35.182Z", "expires_at": "2025-12-24T05:21:35Z"}}, {"model": "token_blacklist.outstandingtoken", "pk": 50, "fields": {"user": ["Williams"], "jti": "3bae9c4af64e4f90a6890b902c20321a", "token": "eyJhbGciOiJIUzI1NiIsInR5cCI6IkpXVCJ9.eyJ0b2tlbl90eXBlIjoicmVmcmVzaCIsImV4cCI6MTc2NjU1OTMzNiwiaWF0IjoxNzY2NTU1NzM2LCJqdGkiOiIzYmFlOWM0YWY2NGU0ZjkwYTY4OTBiOTAyYzIwMzIxYSIsInVzZXJfaWQiOiI5Y2IyYTc0OC1jZDM2LTQwYzQtYjY1ZS1iYjI0OWM2OTQ4ZjkifQ.mQLxLx4QPdO87A5Met1uIVPhfGAhg3vAzHBM6mpCKNs", "created_at": "2025-12-24T05:55:36.765Z", "expires_at": "2025-12-24T06:55:36Z"}}, {"model": "token_blacklist.outstandingtoken", "pk": 51, "fields": {"user": ["Williams"], "jti": "917404aa4a794d78863c2c6d098ae82b", "token": "eyJhbGciOiJIUzI1NiIsInR5cCI6IkpXVCJ9.eyJ0b2tlbl90eXBlIjoicmVmcmVzaCIsImV4cCI6MTc2NjU4NTgzMSwiaWF0IjoxNzY2NTgyMjMxLCJqdGkiOiI5MTc0MDRhYTRhNzk0ZDc4ODYzYzJjNmQwOThhZTgyYiIsInVzZXJfaWQiOiI5Y2IyYTc0OC1jZDM2LTQwYzQtYjY1ZS1iYjI0OWM2OTQ4ZjkifQ._zpwGZ177ZKE3weqe6pXli2ClBwlDKd09VEaiAUaVP8", "created_at": "2025-12-24T13:17:11.976Z", "expires_at": "2025-12-24T14:17:11Z"}}, {"model": "token_blacklist.outstandingtoken", "pk": 52, "fields": {"user": ["Williams"], "jti": "5e799c5a62734c809aa77b1dc3dbc5b2", "token": "eyJhbGciOiJIUzI1NiIsInR5cCI6IkpXVCJ9.eyJ0b2tlbl90eXBlIjoicmVmcmVzaCIsImV4cCI6MTc2NjU4OTcyMiwiaWF0IjoxNzY2NTg2MTIyLCJqdGkiOiI1ZTc5OWM1YTYyNzM0YzgwOWFhNzdiMWRjM2RiYzViMiIsInVzZXJfaWQiOiI5Y2IyYTc0OC1jZDM2LTQwYzQtYjY1ZS1iYjI0OWM2OTQ4ZjkifQ.pUTLXdTuthzEDlL_T73mE1qip8NOljc5TUrrl1G2WZs", "created_at": "2025-12-24T14:22:02.348Z", "expires_at": "2025-12-24T15:22:02Z"}}, {"model": "token_blacklist.outstandingtoken", "pk": 53, "fields": {"user": ["Williams"], "jti": "3e768e8dda2d4e20a03d8b86e5557942", "token": "eyJhbGciOiJIUzI1NiIsInR5cCI6IkpXVCJ9.eyJ0b2tlbl90eXBlIjoicmVmcmVzaCIsImV4cCI6MTc2NjU5MzQwMiwiaWF0IjoxNzY2NTg5ODAyLCJqdGkiOiIzZTc2OGU4ZGRhMmQ0ZTIwYTAzZDhiODZlNTU1Nzk0MiIsInVzZXJfaWQiOiI5Y2IyYTc0OC1jZDM2LTQwYzQtYjY1ZS1iYjI0OWM2OTQ4ZjkifQ.HNCWhJY_bs0VGY3qA-md8WtpKVXPVUM74uSnccFfTyY", "created_at": "2025-12-24T15:23:22.253Z", "expires_at": "2025-12-24T16:23:22Z"}}, {"model": "token_blacklist.outstandingtoken", "pk": 54, "fields": {"user": ["Williams"], "jti": "147ad07f8f044bcf8b76d70be31afedd", "token": "eyJhbGciOiJIUzI1NiIsInR5cCI6IkpXVCJ9.eyJ0b2tlbl90eXBlIjoicmVmcmVzaCIsImV4cCI6MTc2NjU5NTkxNSwiaWF0IjoxNzY2NTkyMzE1LCJqdGkiOiIxNDdhZDA3ZjhmMDQ0YmNmOGI3NmQ3MGJlMzFhZmVkZCIsInVzZXJfaWQiOiI5Y2IyYTc0OC1jZDM2LTQwYzQtYjY1ZS1iYjI0OWM2OTQ4ZjkifQ.1tUocU1dcxXg2aejJ9KJ0EJPUVgXbISu6ShF7to_Y1k", "created_at": "2025-12-24T16:05:15.841Z", "expires_at": "2025-12-24T17:05:15Z"}}, {"model": "token_blacklist.outstandingtoken", "pk": 55, "fields": {"user": ["Williams"], "jti": "06eefe15f45642859f5dac6432402cf2", "token": "eyJhbGciOiJIUzI1NiIsInR5cCI6IkpXVCJ9.eyJ0b2tlbl90eXBlIjoicmVmcmVzaCIsImV4cCI6MTc2NjYxMjY5MCwiaWF0IjoxNzY2NjA5MDkwLCJqdGkiOiIwNmVlZmUxNWY0NTY0Mjg1OWY1ZGFjNjQzMjQwMmNmMiIsInVzZXJfaWQiOiI5Y2IyYTc0OC1jZDM2LTQwYzQtYjY1ZS1iYjI0OWM2OTQ4ZjkifQ.QphcQOsEQaVgM_FZ-8njUwSbBtJZh9g_3hOihXR23u8", "created_at": "2025-12-24T20:44:50.096Z", "expires_at": "2025-12-24T21:44:50Z"}}, {"model": "token_blacklist.outstandingtoken", "pk": 56, "fields": {"user": ["Williams"], "jti": "eadbc771d0b74be3b2baae620b24a634", "token": "eyJhbGciOiJIUzI1NiIsInR5cCI6IkpXVCJ9.eyJ0b2tlbl90eXBlIjoicmVmcmVzaCIsImV4cCI6MTc2NjYyNjA2MiwiaWF0IjoxNzY2NjIyNDYyLCJqdGkiOiJlYWRiYzc3MWQwYjc0YmUzYjJiYWFlNjIwYjI0YTYzNCIsInVzZXJfaWQiOiI5Y2IyYTc0OC1jZDM2LTQwYzQtYjY1ZS1iYjI0OWM2OTQ4ZjkifQ.md0VqvI_uFy1Im7Uf0DgkYBTRP3Syyo5yhiIZ_1fO7Y", "created_at": "2025-12-25T00:27:42.774Z", "expires_at": "2025-12-25T01:27:42Z"}}, {"model": "token_blacklist.outstandingtoken", "pk": 57, "fields": {"user": ["Williams"], "jti": "584c695ce7f5425488ca1d8ff081de1f", "token": "eyJhbGciOiJIUzI1NiIsInR5cCI6IkpXVCJ9.eyJ0b2tlbl90eXBlIjoicmVmcmVzaCIsImV4cCI6MTc2NjYzMzIyNCwiaWF0IjoxNzY2NjI5NjI0LCJqdGkiOiI1ODRjNjk1Y2U3ZjU0MjU0ODhjYTFkOGZmMDgxZGUxZiIsInVzZXJfaWQiOiI5Y2IyYTc0OC1jZDM2LTQwYzQtYjY1ZS1iYjI0OWM2OTQ4ZjkifQ.BxrOAW0hub8MDEtMyrlrWunvPQByDR6zOVOzeMYxssk", "created_at": "2025-12-25T02:27:04.035Z", "expires_at": "2025-12-25T03:27:04Z"}}, {"model": "token_blacklist.outstandingtoken", "pk": 58, "fields": {"user": ["Diego"], "jti": "9952af6c647547898c440c1ef81547ea", "token": "eyJhbGciOiJIUzI1NiIsInR5cCI6IkpXVCJ9.eyJ0b2tlbl90eXBlIjoicmVmcmVzaCIsImV4cCI6MTc2NjY3Nzc3NywiaWF0IjoxNzY2Njc0MTc3LCJqdGkiOiI5OTUyYWY2YzY0NzU0Nzg5OGM0NDBjMWVmODE1NDdlYSIsInVzZXJfaWQiOiJiYzU0YTkxNy1kOGFhLTQyMmQtOWM2OS0wZjc5MzBiZWI5NDcifQ.6MDECDRMunLyTkN7DMa8IDbW_zK2uulmDbe4jzMjBPc", "created_at": "2025-12-25T14:49:37.720Z", "expires_at": "2025-12-25T15:49:37Z"}}, {"model": "token_blacklist.outstandingtoken", "pk": 59, "fields": {"user": ["Diego"], "jti": "78584df005ef42199f1aee85bad9f46c", "token": "eyJhbGciOiJIUzI1NiIsInR5cCI6IkpXVCJ9.eyJ0b2tlbl90eXBlIjoicmVmcmVzaCIsImV4cCI6MTc2NjY4MjU3NSwiaWF0IjoxNzY2Njc4OTc1LCJqdGkiOiI3ODU4NGRmMDA1ZWY0MjE5OWYxYWVlODViYWQ5ZjQ2YyIsInVzZXJfaWQiOiJiYzU0YTkxNy1kOGFhLTQyMmQtOWM2OS0wZjc5MzBiZWI5NDcifQ.y0me4TnObjW9NsK2OnQ3IwHyoTUpsaKi5UL1wNpRt5w", "created_at": "2025-12-25T16:09:35.506Z", "expires_at": "2025-12-25T17:09:35Z"}}, {"model": "token_blacklist.outstandingtoken", "pk": 60, "fields": {"user": ["Diego"], "jti": "07f07bb4337140a39eb892ffb7a4fd2f", "token": "eyJhbGciOiJIUzI1NiIsInR5cCI6IkpXVCJ9.eyJ0b2tlbl90eXBlIjoicmVmcmVzaCIsImV4cCI6MTc2NjY4NTM2OSwiaWF0IjoxNzY2NjgxNzY5LCJqdGkiOiIwN2YwN2JiNDMzNzE0MGEzOWViODkyZmZiN2E0ZmQyZiIsInVzZXJfaWQiOiJiYzU0YTkxNy1kOGFhLTQyMmQtOWM2OS0wZjc5MzBiZWI5NDcifQ.5a_f7sqWKGz0MtphT3w2bSmwh_g7gLF0eW21dXpeviU", "created_at": "2025-12-25T16:56:09.973Z", "expires_at": "2025-12-25T17:56:09Z"}}, {"model": "token_blacklist.outstandingtoken", "pk": 61, "fields": {"user": ["Diego"], "jti": "ee5e3cf3c0bc491eb7fadbf8424ca720", "token": "eyJhbGciOiJIUzI1NiIsInR5cCI6IkpXVCJ9.eyJ0b2tlbl90eXBlIjoicmVmcmVzaCIsImV4cCI6MTc2NjY5MDExMiwiaWF0IjoxNzY2Njg2NTEyLCJqdGkiOiJlZTVlM2NmM2MwYmM0OTFlYjdmYWRiZjg0MjRjYTcyMCIsInVzZXJfaWQiOiJiYzU0YTkxNy1kOGFhLTQyMmQtOWM2OS0wZjc5MzBiZWI5NDcifQ.TaKkVZEnEqn3h32IJ1YDl-4Qi0L_dyw3YUzcVNqtxfQ", "created_at": "2025-12-25T18:15:12.590Z", "expires_at": "2025-12-25T19:15:12Z"}}, {"model": "token_blacklist.outstandingtoken", "pk": 62, "fields": {"user": ["Diego"], "jti": "5650e6d8e65b4204b64d18f6ef7e6525", "token": "eyJhbGciOiJIUzI1NiIsInR5cCI6IkpXVCJ9.eyJ0b2tlbl90eXBlIjoicmVmcmVzaCIsImV4cCI6MTc2NjY5NDIwMSwiaWF0IjoxNzY2NjkwNjAxLCJqdGkiOiI1NjUwZTZkOGU2NWI0MjA0YjY0ZDE4ZjZlZjdlNjUyNSIsInVzZXJfaWQiOiJiYzU0YTkxNy1kOGFhLTQyMmQtOWM2OS0wZjc5MzBiZWI5NDcifQ.okVjAL5-9ECPtn2efj6Ejizb4_pwATjti3W9ITfyfDY", "created_at": "2025-12-25T19:23:21.371Z", "expires_at": "2025-12-25T20:23:21Z"}}, {"model": "token_blacklist.outstandingtoken", "pk": 63, "fields": {"user": ["Williams"], "jti": "79680987f9ce40099253685212ede303", "token": "eyJhbGciOiJIUzI1NiIsInR5cCI6IkpXVCJ9.eyJ0b2tlbl90eXBlIjoicmVmcmVzaCIsImV4cCI6MTc2NjY5NDc2MCwiaWF0IjoxNzY2NjkxMTYwLCJqdGkiOiI3OTY4MDk4N2Y5Y2U0MDA5OTI1MzY4NTIxMmVkZTMwMyIsInVzZXJfaWQiOiI5Y2IyYTc0OC1jZDM2LTQwYzQtYjY1ZS1iYjI0OWM2OTQ4ZjkifQ.WfcMYMq7QLoEAsZ-Eb4XelndLNqR18jGNgd-VKvHFcw", "created_at": "2025-12-25T19:32:40.935Z", "expires_at": "2025-12-25T20:32:40Z"}}, {"model": "token_blacklist.outstandingtoken", "pk": 64, "fields": {"user": ["Diego"], "jti": "e7c231f1837045558b60ffa79d1328ae", "token": "eyJhbGciOiJIUzI1NiIsInR5cCI6IkpXVCJ9.eyJ0b2tlbl90eXBlIjoicmVmcmVzaCIsImV4cCI6MTc2NjY5NDgwNywiaWF0IjoxNzY2NjkxMjA3LCJqdGkiOiJlN2MyMzFmMTgzNzA0NTU1OGI2MGZmYTc5ZDEzMjhhZSIsInVzZXJfaWQiOiJiYzU0YTkxNy1kOGFhLTQyMmQtOWM2OS0wZjc5MzBiZWI5NDcifQ.-YuySwqK_KNHJdmiKRdWrMl-b5RblERiTz0pHg-K7qM", "created_at": "2025-12-25T19:33:27.452Z", "expires_at": "2025-12-25T20:33:27Z"}}, {"model": "token_blacklist.outstandingtoken", "pk": 65, "fields": {"user": ["Williams"], "jti": "b61bacde41354c7f8b3ba9b4d8acf78b", "token": "eyJhbGciOiJIUzI1NiIsInR5cCI6IkpXVCJ9.eyJ0b2tlbl90eXBlIjoicmVmcmVzaCIsImV4cCI6MTc2NjY5NDgyNSwiaWF0IjoxNzY2NjkxMjI1LCJqdGkiOiJiNjFiYWNkZTQxMzU0YzdmOGIzYmE5YjRkOGFjZjc4YiIsInVzZXJfaWQiOiI5Y2IyYTc0OC1jZDM2LTQwYzQtYjY1ZS1iYjI0OWM2OTQ4ZjkifQ.U9D6c04sunyVKZX5_PGx9lFRJpjDo-1Gf2A_z8cfyjc", "created_at": "2025-12-25T19:33:45.967Z", "expires_at": "2025-12-25T20:33:45Z"}}, {"model": "token_blacklist.outstandingtoken", "pk": 66, "fields": {"user": ["Williams"], "jti": "95ec1a61af024535aa5ce9506b91ca7c", "token": "eyJhbGciOiJIUzI1NiIsInR5cCI6IkpXVCJ9.eyJ0b2tlbl90eXBlIjoicmVmcmVzaCIsImV4cCI6MTc2NjcyNDk3MCwiaWF0IjoxNzY2NzIxMzcwLCJqdGkiOiI5NWVjMWE2MWFmMDI0NTM1YWE1Y2U5NTA2YjkxY2E3YyIsInVzZXJfaWQiOiI5Y2IyYTc0OC1jZDM2LTQwYzQtYjY1ZS1iYjI0OWM2OTQ4ZjkifQ.GgwEV49xTh50Xd67MovJg5YQRBRhsQBYDP_3kV7_lNE", "created_at": "2025-12-26T03:56:10.953Z", "expires_at": "2025-12-26T04:56:10Z"}}, {"model": "token_blacklist.outstandingtoken", "pk": 67, "fields": {"user": ["Diego"], "jti": "341a8ab954bf436b9fb00e8c0598044e", "token": "eyJhbGciOiJIUzI1NiIsInR5cCI6IkpXVCJ9.eyJ0b2tlbl90eXBlIjoicmVmcmVzaCIsImV4cCI6MTc2NjcyNTEzNCwiaWF0IjoxNzY2NzIxNTM0LCJqdGkiOiIzNDFhOGFiOTU0YmY0MzZiOWZiMDBlOGMwNTk4MDQ0ZSIsInVzZXJfaWQiOiJiYzU0YTkxNy1kOGFhLTQyMmQtOWM2OS0wZjc5MzBiZWI5NDcifQ.ZNnZUt1ibIxz6_P3b2MtDyHJ5VXHkOE0fZmIwfanz-Q", "created_at": "2025-12-26T03:58:54.261Z", "expires_at": "2025-12-26T04:58:54Z"}}, {"model": "token_blacklist.outstandingtoken", "pk": 68, "fields": {"user": ["Manolo"], "jti": "3abc98e703e3461596d5269c01074eed", "token": "eyJhbGciOiJIUzI1NiIsInR5cCI6IkpXVCJ9.eyJ0b2tlbl90eXBlIjoicmVmcmVzaCIsImV4cCI6MTc2NjcyNTU5MiwiaWF0IjoxNzY2NzIxOTkyLCJqdGkiOiIzYWJjOThlNzAzZTM0NjE1OTZkNTI2OWMwMTA3NGVlZCIsInVzZXJfaWQiOiIwZWQ4MmQ0OS02MDNmLTRhOTktYWI0Zi1iYzA3N2FhYTU0Y2MifQ.LqBdiJowhiPb6BStbXOzyDwiL-7WLP3AFasWJdutEFc", "created_at": "2025-12-26T04:06:32.387Z", "expires_at": "2025-12-26T05:06:32Z"}}, {"model": "token_blacklist.outstandingtoken", "pk": 69, "fields": {"user": ["Diego"], "jti": "3de2cf0f5ab443beafcdd8025ea72fa0", "token": "eyJhbGciOiJIUzI1NiIsInR5cCI6IkpXVCJ9.eyJ0b2tlbl90eXBlIjoicmVmcmVzaCIsImV4cCI6MTc2NjcyNjAxNCwiaWF0IjoxNzY2NzIyNDE0LCJqdGkiOiIzZGUyY2YwZjVhYjQ0M2JlYWZjZGQ4MDI1ZWE3MmZhMCIsInVzZXJfaWQiOiJiYzU0YTkxNy1kOGFhLTQyMmQtOWM2OS0wZjc5MzBiZWI5NDcifQ.8GpG0FfBfyCiCA2u40FLZIvQzAmbqxJR41eF6sPPjJc", "created_at": "2025-12-26T04:13:34.901Z", "expires_at": "2025-12-26T05:13:34Z"}}, {"model": "token_blacklist.outstandingtoken", "pk": 70, "fields": {"user": ["Williams"], "jti": "3b48825bd4404df6acb1fe9f74fa3775", "token": "eyJhbGciOiJIUzI1NiIsInR5cCI6IkpXVCJ9.eyJ0b2tlbl90eXBlIjoicmVmcmVzaCIsImV4cCI6MTc2NjcyNzAzMywiaWF0IjoxNzY2NzIzNDMzLCJqdGkiOiIzYjQ4ODI1YmQ0NDA0ZGY2YWNiMWZlOWY3NGZhMzc3NSIsInVzZXJfaWQiOiI5Y2IyYTc0OC1jZDM2LTQwYzQtYjY1ZS1iYjI0OWM2OTQ4ZjkifQ.hc9MVDU_IUaFWL2R3Z-oPkOgNGmFk28JR6dYpFwejbw", "created_at": "2025-12-26T04:30:33.349Z", "expires_at": "2025-12-26T05:30:33Z"}}, {"model": "token_blacklist.outstandingtoken", "pk": 71, "fields": {"user": ["Diego"], "jti": "df00a51d5e6e40cba1ed975b6bbf336a", "token": "eyJhbGciOiJIUzI1NiIsInR5cCI6IkpXVCJ9.eyJ0b2tlbl90eXBlIjoicmVmcmVzaCIsImV4cCI6MTc2NjcyNzM0MywiaWF0IjoxNzY2NzIzNzQzLCJqdGkiOiJkZjAwYTUxZDVlNmU0MGNiYTFlZDk3NWI2YmJmMzM2YSIsInVzZXJfaWQiOiJiYzU0YTkxNy1kOGFhLTQyMmQtOWM2OS0wZjc5MzBiZWI5NDcifQ.-zddaCCV94Hhv9fdJZ9O9oZZdVaIKcTsoUVJsbQ3Fww", "created_at": "2025-12-26T04:35:43.819Z", "expires_at": "2025-12-26T05:35:43Z"}}, {"model": "token_blacklist.outstandingtoken", "pk": 72, "fields": {"user": ["Williams"], "jti": "074409a7ac7d4184b0b0bcecaff77c01", "token": "eyJhbGciOiJIUzI1NiIsInR5cCI6IkpXVCJ9.eyJ0b2tlbl90eXBlIjoicmVmcmVzaCIsImV4cCI6MTc2NjcyNzQxNiwiaWF0IjoxNzY2NzIzODE2LCJqdGkiOiIwNzQ0MDlhN2FjN2Q0MTg0YjBiMGJjZWNhZmY3N2MwMSIsInVzZXJfaWQiOiI5Y2IyYTc0OC1jZDM2LTQwYzQtYjY1ZS1iYjI0OWM2OTQ4ZjkifQ.1infug2xZEZyludYDtBytKkvcN8Q_sCpvMXtjJLytKY", "created_at": "2025-12-26T04:36:56.234Z", "expires_at": "2025-12-26T05:36:56Z"}}, {"model": "token_blacklist.outstandingtoken", "pk": 73, "fields": {"user": ["Manolo"], "jti": "e723a20480c04ce39139be4a2a36d7c2", "token": "eyJhbGciOiJIUzI1NiIsInR5cCI6IkpXVCJ9.eyJ0b2tlbl90eXBlIjoicmVmcmVzaCIsImV4cCI6MTc2NjcyODk4OSwiaWF0IjoxNzY2NzI1Mzg5LCJqdGkiOiJlNzIzYTIwNDgwYzA0Y2UzOTEzOWJlNGEyYTM2ZDdjMiIsInVzZXJfaWQiOiIwZWQ4MmQ0OS02MDNmLTRhOTktYWI0Zi1iYzA3N2FhYTU0Y2MifQ.HgGr_jMSsuNXcABXbKCx-v4AQpzyohg36VVwnnUUu8k", "created_at": "2025-12-26T05:03:09.085Z", "expires_at": "2025-12-26T06:03:09Z"}}, {"model": "token_blacklist.outstandingtoken", "pk": 74, "fields": {"user": ["Williams"], "jti": "cf4cc2c32eee47caa6a68938b7bdef54", "token": "eyJhbGciOiJIUzI1NiIsInR5cCI6IkpXVCJ9.eyJ0b2tlbl90eXBlIjoicmVmcmVzaCIsImV4cCI6MTc2NjcyOTExNSwiaWF0IjoxNzY2NzI1NTE1LCJqdGkiOiJjZjRjYzJjMzJlZWU0N2NhYTZhNjg5MzhiN2JkZWY1NCIsInVzZXJfaWQiOiI5Y2IyYTc0OC1jZDM2LTQwYzQtYjY1ZS1iYjI0OWM2OTQ4ZjkifQ.z3C_Jpfh0jczapSzA1oTQTA1x-u6sta0xKpRDpAUQD0", "created_at": "2025-12-26T05:05:15.120Z", "expires_at": "2025-12-26T06:05:15Z"}}, {"model": "token_blacklist.outstandingtoken", "pk": 75, "fields": {"user": ["Diego"], "jti": "d5ba9b097c1845b8878939ce63d7ab46", "token": "eyJhbGciOiJIUzI1NiIsInR5cCI6IkpXVCJ9.eyJ0b2tlbl90eXBlIjoicmVmcmVzaCIsImV4cCI6MTc2NjcyOTE0OSwiaWF0IjoxNzY2NzI1NTQ5LCJqdGkiOiJkNWJhOWIwOTdjMTg0NWI4ODc4OTM5Y2U2M2Q3YWI0NiIsInVzZXJfaWQiOiJiYzU0YTkxNy1kOGFhLTQyMmQtOWM2OS0wZjc5MzBiZWI5NDcifQ.oLR6r5Q0-6f-YoamPKJH3vme-LPRno8Moevq4eIuNJQ", "created_at": "2025-12-26T05:05:49.053Z", "expires_at": "2025-12-26T06:05:49Z"}}, {"model": "token_blacklist.outstandingtoken", "pk": 76, "fields": {"user": ["Manolo"], "jti": "24d8c51ad7d940c2bc78c90617df5915", "token": "eyJhbGciOiJIUzI1NiIsInR5cCI6IkpXVCJ9.eyJ0b2tlbl90eXBlIjoicmVmcmVzaCIsImV4cCI6MTc2NjcyOTE2NiwiaWF0IjoxNzY2NzI1NTY2LCJqdGkiOiIyNGQ4YzUxYWQ3ZDk0MGMyYmM3OGM5MDYxN2RmNTkxNSIsInVzZXJfaWQiOiIwZWQ4MmQ0OS02MDNmLTRhOTktYWI0Zi1iYzA3N2FhYTU0Y2MifQ.40gr8lpR4oeoe0hUo4XDgbBDU4CefQXV-8Lfc2zuis0", "created_at": "2025-12-26T05:06:06.501Z", "expires_at": "2025-12-26T06:06:06Z"}}, {"model": "token_blacklist.outstandingtoken", "pk": 77, "fields": {"user": ["Diego"], "jti": "efb4779bb32c4e73b19ca5b8aed0cb9f", "token": "eyJhbGciOiJIUzI1NiIsInR5cCI6IkpXVCJ9.eyJ0b2tlbl90eXBlIjoicmVmcmVzaCIsImV4cCI6MTc2NjcyOTUyNywiaWF0IjoxNzY2NzI1OTI3LCJqdGkiOiJlZmI0Nzc5YmIzMmM0ZTczYjE5Y2E1YjhhZWQwY2I5ZiIsInVzZXJfaWQiOiJiYzU0YTkxNy1kOGFhLTQyMmQtOWM2OS0wZjc5MzBiZWI5NDcifQ.ibpbHXNehynnj63Krp-YMfNpo2KK4XsmQKFayZmntb8", "created_at": "2025-12-26T05:12:07.514Z", "expires_at": "2025-12-26T06:12:07Z"}}, {"model": "token_blacklist.outstandingtoken", "pk": 78, "fields": {"user": ["Williams"], "jti": "b3b46263bc3345a3981c1543a7c5035f", "token": "eyJhbGciOiJIUzI1NiIsInR5cCI6IkpXVCJ9.eyJ0b2tlbl90eXBlIjoicmVmcmVzaCIsImV4cCI6MTc2Njc2MTM2OCwiaWF0IjoxNzY2NzU3NzY4LCJqdGkiOiJiM2I0NjI2M2JjMzM0NWEzOTgxYzE1NDNhN2M1MDM1ZiIsInVzZXJfaWQiOiI5Y2IyYTc0OC1jZDM2LTQwYzQtYjY1ZS1iYjI0OWM2OTQ4ZjkifQ.4VwGyyKw0d3_D6vPCaSaH5mIeViSI2YOFs6WchWCF9M", "created_at": "2025-12-26T14:02:48.648Z", "expires_at": "2025-12-26T15:02:48Z"}}, {"model": "token_blacklist.outstandingtoken", "pk": 79, "fields": {"user": ["Williams"], "jti": "31e0e9312e3a4fd1823eabb64cc24ade", "token": "eyJhbGciOiJIUzI1NiIsInR5cCI6IkpXVCJ9.eyJ0b2tlbl90eXBlIjoicmVmcmVzaCIsImV4cCI6MTc2Njc3MTkwNSwiaWF0IjoxNzY2NzY4MzA1LCJqdGkiOiIzMWUwZTkzMTJlM2E0ZmQxODIzZWFiYjY0Y2MyNGFkZSIsInVzZXJfaWQiOiI5Y2IyYTc0OC1jZDM2LTQwYzQtYjY1ZS1iYjI0OWM2OTQ4ZjkifQ.R5n27hWma9XFmzjbQf4bF3ewQgo6_n4wLM7o9OlaSqc", "created_at": "2025-12-26T16:58:25.823Z", "expires_at": "2025-12-26T17:58:25Z"}}, {"model": "token_blacklist.outstandingtoken", "pk": 80, "fields": {"user": ["Williams"], "jti": "dee2eb0282294525b771cac3d9220094", "token": "eyJhbGciOiJIUzI1NiIsInR5cCI6IkpXVCJ9.eyJ0b2tlbl90eXBlIjoicmVmcmVzaCIsImV4cCI6MTc2Njc3NTU3MCwiaWF0IjoxNzY2NzcxOTcwLCJqdGkiOiJkZWUyZWIwMjgyMjk0NTI1Yjc3MWNhYzNkOTIyMDA5NCIsInVzZXJfaWQiOiI5Y2IyYTc0OC1jZDM2LTQwYzQtYjY1ZS1iYjI0OWM2OTQ4ZjkifQ.4ljvAkQvAZJ05ABFeX6XTlSymLlobxjkdvUVM6N8jVs", "created_at": "2025-12-26T17:59:30.893Z", "expires_at": "2025-12-26T18:59:30Z"}}, {"model": "token_blacklist.outstandingtoken", "pk": 81, "fields": {"user": null, "jti": "58f60f63910e46279ff0dea9d141e292", "token": "eyJhbGciOiJIUzI1NiIsInR5cCI6IkpXVCJ9.eyJ0b2tlbl90eXBlIjoicmVmcmVzaCIsImV4cCI6MTc2Njc3NTYzNiwiaWF0IjoxNzY2NzcyMDM2LCJqdGkiOiI1OGY2MGY2MzkxMGU0NjI3OWZmMGRlYTlkMTQxZTI5MiIsInVzZXJfaWQiOiI2NjNmNDY4Mi03NWRmLTRhMmMtYTE4Zi1lYTU1YjhmNmE4MjgifQ.vjdUkXRBk6I8TUqAm5Z1ghTgSdx7fDjdXVtG1m6hQJE", "created_at": "2025-12-26T18:00:36.999Z", "expires_at": "2025-12-26T19:00:36Z"}}, {"model": "token_blacklist.outstandingtoken", "pk": 82, "fields": {"user": ["Williams"], "jti": "346a341121734d879de5cdc0fef8a9a2", "token": "eyJhbGciOiJIUzI1NiIsInR5cCI6IkpXVCJ9.eyJ0b2tlbl90eXBlIjoicmVmcmVzaCIsImV4cCI6MTc2Njc4OTAyOCwiaWF0IjoxNzY2Nzg1NDI4LCJqdGkiOiIzNDZhMzQxMTIxNzM0ZDg3OWRlNWNkYzBmZWY4YTlhMiIsInVzZXJfaWQiOiI5Y2IyYTc0OC1jZDM2LTQwYzQtYjY1ZS1iYjI0OWM2OTQ4ZjkifQ.9Q4d9ib7XdK6hcHZhAUxPVHygX21ZvB5Ka2n41c6Vu4", "created_at": "2025-12-26T21:43:48.165Z", "expires_at": "2025-12-26T22:43:48Z"}}, {"model": "token_blacklist.outstandingtoken", "pk": 83, "fields": {"user": ["Williams"], "jti": "31e06b68a29444afad3291525a464cc1", "token": "eyJhbGciOiJIUzI1NiIsInR5cCI6IkpXVCJ9.eyJ0b2tlbl90eXBlIjoicmVmcmVzaCIsImV4cCI6MTc2NjgwMTAzOCwiaWF0IjoxNzY2Nzk3NDM4LCJqdGkiOiIzMWUwNmI2OGEyOTQ0NGFmYWQzMjkxNTI1YTQ2NGNjMSIsInVzZXJfaWQiOiI5Y2IyYTc0OC1jZDM2LTQwYzQtYjY1ZS1iYjI0OWM2OTQ4ZjkifQ.PkOUkD644sbHsdn91j6EsBzCTpIkkYjyp4BlDmD9wLo", "created_at": "2025-12-27T01:03:58.590Z", "expires_at": "2025-12-27T02:03:58Z"}}, {"model": "token_blacklist.outstandingtoken", "pk": 84, "fields": {"user": ["Williams"], "jti": "132b281b59234d6289e0fd545e1ad30c", "token": "eyJhbGciOiJIUzI1NiIsInR5cCI6IkpXVCJ9.eyJ0b2tlbl90eXBlIjoicmVmcmVzaCIsImV4cCI6MTc2NjgwNzI2MSwiaWF0IjoxNzY2ODAzNjYxLCJqdGkiOiIxMzJiMjgxYjU5MjM0ZDYyODllMGZkNTQ1ZTFhZDMwYyIsInVzZXJfaWQiOiI5Y2IyYTc0OC1jZDM2LTQwYzQtYjY1ZS1iYjI0OWM2OTQ4ZjkifQ.kE5O_eAclW_VL-y8E0fycROda42-iUVIcbF6eTARU-A", "created_at": "2025-12-27T02:47:41.208Z", "expires_at": "2025-12-27T03:47:41Z"}}, {"model": "token_blacklist.outstandingtoken", "pk": 85, "fields": {"user": ["Williams"], "jti": "722f21c5953d42d8b15fff78e7027aad", "token": "eyJhbGciOiJIUzI1NiIsInR5cCI6IkpXVCJ9.eyJ0b2tlbl90eXBlIjoicmVmcmVzaCIsImV4cCI6MTc2NjgxMjIyNiwiaWF0IjoxNzY2ODA4NjI2LCJqdGkiOiI3MjJmMjFjNTk1M2Q0MmQ4YjE1ZmZmNzhlNzAyN2FhZCIsInVzZXJfaWQiOiI5Y2IyYTc0OC1jZDM2LTQwYzQtYjY1ZS1iYjI0OWM2OTQ4ZjkifQ.juxEU7hQdMGkCnILdfAnX-KlNH4BQcIMoXUBQXSW25A", "created_at": "2025-12-27T04:10:26.757Z", "expires_at": "2025-12-27T05:10:26Z"}}, {"model": "token_blacklist.outstandingtoken", "pk": 86, "fields": {"user": ["Williams"], "jti": "b1e192fa4af246b08a4f0d305abf79dc", "token": "eyJhbGciOiJIUzI1NiIsInR5cCI6IkpXVCJ9.eyJ0b2tlbl90eXBlIjoicmVmcmVzaCIsImV4cCI6MTc2NjgxNzQwMSwiaWF0IjoxNzY2ODEzODAxLCJqdGkiOiJiMWUxOTJmYTRhZjI0NmIwOGE0ZjBkMzA1YWJmNzlkYyIsInVzZXJfaWQiOiI5Y2IyYTc0OC1jZDM2LTQwYzQtYjY1ZS1iYjI0OWM2OTQ4ZjkifQ.9lV6C8tLwnaL7uiDg7bDEoxR7SKHTEgdM5HHzibRNys", "created_at": "2025-12-27T05:36:41.600Z", "expires_at": "2025-12-27T06:36:41Z"}}, {"model": "token_blacklist.outstandingtoken", "pk": 87, "fields": {"user": ["Williams"], "jti": "f789dc9774054a98817ddec5fccbb6bf", "token": "eyJhbGciOiJIUzI1NiIsInR5cCI6IkpXVCJ9.eyJ0b2tlbl90eXBlIjoicmVmcmVzaCIsImV4cCI6MTc2Njg0NjgxNiwiaWF0IjoxNzY2ODQzMjE2LCJqdGkiOiJmNzg5ZGM5Nzc0MDU0YTk4ODE3ZGRlYzVmY2NiYjZiZiIsInVzZXJfaWQiOiI5Y2IyYTc0OC1jZDM2LTQwYzQtYjY1ZS1iYjI0OWM2OTQ4ZjkifQ._tVCHUxPKMzEe1txVKxGBJXVjUblEUrevdxhyuHTi1U", "created_at": "2025-12-27T13:46:56.132Z", "expires_at": "2025-12-27T14:46:56Z"}}, {"model": "token_blacklist.outstandingtoken", "pk": 88, "fields": {"user": ["Williams"], "jti": "f9128d4e9f0d47d68e7700ae8f760051", "token": "eyJhbGciOiJIUzI1NiIsInR5cCI6IkpXVCJ9.eyJ0b2tlbl90eXBlIjoicmVmcmVzaCIsImV4cCI6MTc2Njg1MDYzOCwiaWF0IjoxNzY2ODQ3MDM4LCJqdGkiOiJmOTEyOGQ0ZTlmMGQ0N2Q2OGU3NzAwYWU4Zjc2MDA1MSIsInVzZXJfaWQiOiI5Y2IyYTc0OC1jZDM2LTQwYzQtYjY1ZS1iYjI0OWM2OTQ4ZjkifQ.84kBT6ek2zASxjF2pzhIuxUOlXV6H-zRlROIBnHiH-Y", "created_at": "2025-12-27T14:50:38.238Z", "expires_at": "2025-12-27T15:50:38Z"}}, {"model": "token_blacklist.outstandingtoken", "pk": 89, "fields": {"user": ["Williams"], "jti": "60d5c5f909a54169bfa7f63f79363d82", "token": "eyJhbGciOiJIUzI1NiIsInR5cCI6IkpXVCJ9.eyJ0b2tlbl90eXBlIjoicmVmcmVzaCIsImV4cCI6MTc2Njg3MDA3MywiaWF0IjoxNzY2ODY2NDczLCJqdGkiOiI2MGQ1YzVmOTA5YTU0MTY5YmZhN2Y2M2Y3OTM2M2Q4MiIsInVzZXJfaWQiOiI5Y2IyYTc0OC1jZDM2LTQwYzQtYjY1ZS1iYjI0OWM2OTQ4ZjkifQ.BZOSYLVaq7a6J1kzaeJUsaOhFs5N1ZZmpvO7ye4wdgA", "created_at": "2025-12-27T20:14:33.412Z", "expires_at": "2025-12-27T21:14:33Z"}}, {"model": "token_blacklist.outstandingtoken", "pk": 90, "fields": {"user": ["Williams"], "jti": "1274a0bfdf4d4b86a8069bdee3f4d8cf", "token": "eyJhbGciOiJIUzI1NiIsInR5cCI6IkpXVCJ9.eyJ0b2tlbl90eXBlIjoicmVmcmVzaCIsImV4cCI6MTc2Njg3NDQzMiwiaWF0IjoxNzY2ODcwODMyLCJqdGkiOiIxMjc0YTBiZmRmNGQ0Yjg2YTgwNjliZGVlM2Y0ZDhjZiIsInVzZXJfaWQiOiI5Y2IyYTc0OC1jZDM2LTQwYzQtYjY1ZS1iYjI0OWM2OTQ4ZjkifQ.J36JywGAqOwmVzLcmr2Zyzr82P6WUDKJkDmaIYF49Pc", "created_at": "2025-12-27T21:27:12.652Z", "expires_at": "2025-12-27T22:27:12Z"}}, {"model": "token_blacklist.outstandingtoken", "pk": 91, "fields": {"user": ["Williams"], "jti": "2a1a82e73c594c2bb94279030c6ec1cf", "token": "eyJhbGciOiJIUzI1NiIsInR5cCI6IkpXVCJ9.eyJ0b2tlbl90eXBlIjoicmVmcmVzaCIsImV4cCI6MTc2NjkwMTc1MiwiaWF0IjoxNzY2ODk4MTUyLCJqdGkiOiIyYTFhODJlNzNjNTk0YzJiYjk0Mjc5MDMwYzZlYzFjZiIsInVzZXJfaWQiOiI5Y2IyYTc0OC1jZDM2LTQwYzQtYjY1ZS1iYjI0OWM2OTQ4ZjkifQ.rGyhrEeviMMJ6Q3kueu5cXWTdJbGdOPpJwD0trUJQi4", "created_at": "2025-12-28T05:02:32.815Z", "expires_at": "2025-12-28T06:02:32Z"}}, {"model": "token_blacklist.outstandingtoken", "pk": 92, "fields": {"user": null, "jti": "c2cb96ce2d1c49d5bd0cbff6c66b1c9e", "token": "eyJhbGciOiJIUzI1NiIsInR5cCI6IkpXVCJ9.eyJ0b2tlbl90eXBlIjoicmVmcmVzaCIsImV4cCI6MTc2NjkwMjAzMywiaWF0IjoxNzY2ODk4NDMzLCJqdGkiOiJjMmNiOTZjZTJkMWM0OWQ1YmQwY2JmZjZjNjZiMWM5ZSIsInVzZXJfaWQiOiJhYjIzZThmMC1lMzYxLTRlY2QtODljZi03ZDMzYzMzNDAwYmUifQ._vjPIY9wkXPivDeJoy9VwgedqQFzCpMwJo2KqQYZpdY", "created_at": "2025-12-28T05:07:13.477Z", "expires_at": "2025-12-28T06:07:13Z"}}, {"model": "token_blacklist.outstandingtoken", "pk": 93, "fields": {"user": ["Williams"], "jti": "78af2dfe977240cc88cbc11a0709812a", "token": "eyJhbGciOiJIUzI1NiIsInR5cCI6IkpXVCJ9.eyJ0b2tlbl90eXBlIjoicmVmcmVzaCIsImV4cCI6MTc2NjkwMjI5NCwiaWF0IjoxNzY2ODk4Njk0LCJqdGkiOiI3OGFmMmRmZTk3NzI0MGNjODhjYmMxMWEwNzA5ODEyYSIsInVzZXJfaWQiOiI5Y2IyYTc0OC1jZDM2LTQwYzQtYjY1ZS1iYjI0OWM2OTQ4ZjkifQ.syr1uFvO3pOKTfR_BJUcPlgjBaYPhtPo_FMHi6264W8", "created_at": "2025-12-28T05:11:34.267Z", "expires_at": "2025-12-28T06:11:34Z"}}, {"model": "token_blacklist.outstandingtoken", "pk": 94, "fields": {"user": ["Williams"], "jti": "5040113cf7114aebbd564c67e3607f2b", "token": "eyJhbGciOiJIUzI1NiIsInR5cCI6IkpXVCJ9.eyJ0b2tlbl90eXBlIjoicmVmcmVzaCIsImV4cCI6MTc2NjkyNzQ5MCwiaWF0IjoxNzY2OTIzODkwLCJqdGkiOiI1MDQwMTEzY2Y3MTE0YWViYmQ1NjRjNjdlMzYwN2YyYiIsInVzZXJfaWQiOiI5Y2IyYTc0OC1jZDM2LTQwYzQtYjY1ZS1iYjI0OWM2OTQ4ZjkifQ.bLDLSKbdDZhs0TvI0knOWtHrS5k7hss2Lz7FvLdHVzM", "created_at": "2025-12-28T12:11:30.849Z", "expires_at": "2025-12-28T13:11:30Z"}}, {"model": "token_blacklist.outstandingtoken", "pk": 95, "fields": {"user": ["Diego"], "jti": "f5d39c12a77a4229988dc5bc5acbc2d2", "token": "eyJhbGciOiJIUzI1NiIsInR5cCI6IkpXVCJ9.eyJ0b2tlbl90eXBlIjoicmVmcmVzaCIsImV4cCI6MTc2NjkyNzk2NSwiaWF0IjoxNzY2OTI0MzY1LCJqdGkiOiJmNWQzOWMxMmE3N2E0MjI5OTg4ZGM1YmM1YWNiYzJkMiIsInVzZXJfaWQiOiJiYzU0YTkxNy1kOGFhLTQyMmQtOWM2OS0wZjc5MzBiZWI5NDcifQ.ULPp3Zcpz-xIOowCSFr2D953KboERpxzqc_DD-QV_B4", "created_at": "2025-12-28T12:19:25.753Z", "expires_at": "2025-12-28T13:19:25Z"}}, {"model": "token_blacklist.outstandingtoken", "pk": 96, "fields": {"user": ["Williams"], "jti": "2db20a13064c4cbb9c6602fec6fcd909", "token": "eyJhbGciOiJIUzI1NiIsInR5cCI6IkpXVCJ9.eyJ0b2tlbl90eXBlIjoicmVmcmVzaCIsImV4cCI6MTc2NjkyODQwOSwiaWF0IjoxNzY2OTI0ODA5LCJqdGkiOiIyZGIyMGExMzA2NGM0Y2JiOWM2NjAyZmVjNmZjZDkwOSIsInVzZXJfaWQiOiI5Y2IyYTc0OC1jZDM2LTQwYzQtYjY1ZS1iYjI0OWM2OTQ4ZjkifQ.0YFN_1q20dWQQCXmyVyQ8HvM-iN3VG9AI__QSIxSWCY", "created_at": "2025-12-28T12:26:49.958Z", "expires_at": "2025-12-28T13:26:49Z"}}, {"model": "token_blacklist.outstandingtoken", "pk": 97, "fields": {"user": ["Williams"], "jti": "62229c53f5204b7391d287e290997cd9", "token": "eyJhbGciOiJIUzI1NiIsInR5cCI6IkpXVCJ9.eyJ0b2tlbl90eXBlIjoicmVmcmVzaCIsImV4cCI6MTc2NjkzNjczOCwiaWF0IjoxNzY2OTMzMTM4LCJqdGkiOiI2MjIyOWM1M2Y1MjA0YjczOTFkMjg3ZTI5MDk5N2NkOSIsInVzZXJfaWQiOiI5Y2IyYTc0OC1jZDM2LTQwYzQtYjY1ZS1iYjI0OWM2OTQ4ZjkifQ.tn881akr6raA9O9iKvWZ4NAANrx0WOIVZ1BckyLT9K8", "created_at": "2025-12-28T14:45:38.442Z", "expires_at": "2025-12-28T15:45:38Z"}}, {"model": "token_blacklist.outstandingtoken", "pk": 98, "fields": {"user": ["Williams"], "jti": "42147d8481794b3ab3a4b0393fff7972", "token": "eyJhbGciOiJIUzI1NiIsInR5cCI6IkpXVCJ9.eyJ0b2tlbl90eXBlIjoicmVmcmVzaCIsImV4cCI6MTc2Njk0MDYxMSwiaWF0IjoxNzY2OTM3MDExLCJqdGkiOiI0MjE0N2Q4NDgxNzk0YjNhYjNhNGIwMzkzZmZmNzk3MiIsInVzZXJfaWQiOiI5Y2IyYTc0OC1jZDM2LTQwYzQtYjY1ZS1iYjI0OWM2OTQ4ZjkifQ.CQ2EZvd5iHjnnvS4HIQNFrBwlwK2N4S_ZVffUwdMoDI", "created_at": "2025-12-28T15:50:11.987Z", "expires_at": "2025-12-28T16:50:11Z"}}, {"model": "token_blacklist.outstandingtoken", "pk": 99, "fields": {"user": ["Williams"], "jti": "990af4a014f049c0be64d16fa3f7f54b", "token": "eyJhbGciOiJIUzI1NiIsInR5cCI6IkpXVCJ9.eyJ0b2tlbl90eXBlIjoicmVmcmVzaCIsImV4cCI6MTc2Njk1NjA0NiwiaWF0IjoxNzY2OTUyNDQ2LCJqdGkiOiI5OTBhZjRhMDE0ZjA0OWMwYmU2NGQxNmZhM2Y3ZjU0YiIsInVzZXJfaWQiOiI5Y2IyYTc0OC1jZDM2LTQwYzQtYjY1ZS1iYjI0OWM2OTQ4ZjkifQ.8U9k8OcJPL_NGC6r9ULzWXVjwz62zFxBHaezdhQaAYQ", "created_at": "2025-12-28T20:07:26.756Z", "expires_at": "2025-12-28T21:07:26Z"}}, {"model": "token_blacklist.outstandingtoken", "pk": 100, "fields": {"user": ["Williams"], "jti": "22db396d30c44a949c0c8d9e76b55dc8", "token": "eyJhbGciOiJIUzI1NiIsInR5cCI6IkpXVCJ9.eyJ0b2tlbl90eXBlIjoicmVmcmVzaCIsImV4cCI6MTc2NzAzOTIxMiwiaWF0IjoxNzY3MDM1NjEyLCJqdGkiOiIyMmRiMzk2ZDMwYzQ0YTk0OWMwYzhkOWU3NmI1NWRjOCIsInVzZXJfaWQiOiI5Y2IyYTc0OC1jZDM2LTQwYzQtYjY1ZS1iYjI0OWM2OTQ4ZjkifQ.nprfvxVyaPuDI9pkBcyDvyhj6kCDTc7gaU_Ka0HiUSc", "created_at": "2025-12-29T19:13:32.655Z", "expires_at": "2025-12-29T20:13:32Z"}}, {"model": "token_blacklist.outstandingtoken", "pk": 101, "fields": {"user": ["Diego"], "jti": "e37a7bdb24ca4b7d893925702482903a", "token": "eyJhbGciOiJIUzI1NiIsInR5cCI6IkpXVCJ9.eyJ0b2tlbl90eXBlIjoicmVmcmVzaCIsImV4cCI6MTc2NzAzOTYyMywiaWF0IjoxNzY3MDM2MDIzLCJqdGkiOiJlMzdhN2JkYjI0Y2E0YjdkODkzOTI1NzAyNDgyOTAzYSIsInVzZXJfaWQiOiJiYzU0YTkxNy1kOGFhLTQyMmQtOWM2OS0wZjc5MzBiZWI5NDcifQ.WU4mI3IWtrkZxxO4iX_UnzmMS7TLT5IygrleZs6eHzc", "created_at": "2025-12-29T19:20:23.062Z", "expires_at": "2025-12-29T20:20:23Z"}}, {"model": "token_blacklist.outstandingtoken", "pk": 102, "fields": {"user": ["Williams"], "jti": "9827d73838744e57bd749fdeba12eba3", "token": "eyJhbGciOiJIUzI1NiIsInR5cCI6IkpXVCJ9.eyJ0b2tlbl90eXBlIjoicmVmcmVzaCIsImV4cCI6MTc2NzAzOTc2NywiaWF0IjoxNzY3MDM2MTY3LCJqdGkiOiI5ODI3ZDczODM4NzQ0ZTU3YmQ3NDlmZGViYTEyZWJhMyIsInVzZXJfaWQiOiI5Y2IyYTc0OC1jZDM2LTQwYzQtYjY1ZS1iYjI0OWM2OTQ4ZjkifQ.JFN0wZ98qHRDiikk2TzmFCWjpuCafM6jDMTwm6zxFFI", "created_at": "2025-12-29T19:22:47.963Z", "expires_at": "2025-12-29T20:22:47Z"}}, {"model": "token_blacklist.outstandingtoken", "pk": 103, "fields": {"user": ["Diego"], "jti": "340ae57cf15c45c3b24939915f94fa95", "token": "eyJhbGciOiJIUzI1NiIsInR5cCI6IkpXVCJ9.eyJ0b2tlbl90eXBlIjoicmVmcmVzaCIsImV4cCI6MTc2NzA0MDM4NywiaWF0IjoxNzY3MDM2Nzg3LCJqdGkiOiIzNDBhZTU3Y2YxNWM0NWMzYjI0OTM5OTE1Zjk0ZmE5NSIsInVzZXJfaWQiOiJiYzU0YTkxNy1kOGFhLTQyMmQtOWM2OS0wZjc5MzBiZWI5NDcifQ.s7lZ1ysVZQc688eEaEfy4QuKk-AhKfO_f4AM5-bz9AM", "created_at": "2025-12-29T19:33:07.018Z", "expires_at": "2025-12-29T20:33:07Z"}}, {"model": "token_blacklist.outstandingtoken", "pk": 104, "fields": {"user": ["Williams"], "jti": "aa2d851a1fbf4e39ac106abcb9cbf4d0", "token": "eyJhbGciOiJIUzI1NiIsInR5cCI6IkpXVCJ9.eyJ0b2tlbl90eXBlIjoicmVmcmVzaCIsImV4cCI6MTc2NzA0MTI1NywiaWF0IjoxNzY3MDM3NjU3LCJqdGkiOiJhYTJkODUxYTFmYmY0ZTM5YWMxMDZhYmNiOWNiZjRkMCIsInVzZXJfaWQiOiI5Y2IyYTc0OC1jZDM2LTQwYzQtYjY1ZS1iYjI0OWM2OTQ4ZjkifQ.LULqE3gshnyMZFZhbbmqUhtGcNiBZDLE_mdgYi9HLag", "created_at": "2025-12-29T19:47:37.137Z", "expires_at": "2025-12-29T20:47:37Z"}}, {"model": "token_blacklist.outstandingtoken", "pk": 105, "fields": {"user": ["Diego"], "jti": "9e6547ef94b84f5a8ece96ce98aa0ca6", "token": "eyJhbGciOiJIUzI1NiIsInR5cCI6IkpXVCJ9.eyJ0b2tlbl90eXBlIjoicmVmcmVzaCIsImV4cCI6MTc2NzA0MTM5MCwiaWF0IjoxNzY3MDM3NzkwLCJqdGkiOiI5ZTY1NDdlZjk0Yjg0ZjVhOGVjZTk2Y2U5OGFhMGNhNiIsInVzZXJfaWQiOiJiYzU0YTkxNy1kOGFhLTQyMmQtOWM2OS0wZjc5MzBiZWI5NDcifQ.GIbMeoL_H5rmr_KB-M_b7PY28icG6diqQnfoT8aJens", "created_at": "2025-12-29T19:49:50.002Z", "expires_at": "2025-12-29T20:49:50Z"}}, {"model": "token_blacklist.outstandingtoken", "pk": 106, "fields": {"user": ["Williams"], "jti": "064612820f15469d874de00c1c98f3d4", "token": "eyJhbGciOiJIUzI1NiIsInR5cCI6IkpXVCJ9.eyJ0b2tlbl90eXBlIjoicmVmcmVzaCIsImV4cCI6MTc2NzA0NzI3NywiaWF0IjoxNzY3MDQzNjc3LCJqdGkiOiIwNjQ2MTI4MjBmMTU0NjlkODc0ZGUwMGMxYzk4ZjNkNCIsInVzZXJfaWQiOiI5Y2IyYTc0OC1jZDM2LTQwYzQtYjY1ZS1iYjI0OWM2OTQ4ZjkifQ.LU5r9k688JyYd3yP8FBoX7ixi_FVWBbz5pri77C7Pl0", "created_at": "2025-12-29T21:27:57.554Z", "expires_at": "2025-12-29T22:27:57Z"}}, {"model": "token_blacklist.outstandingtoken", "pk": 107, "fields": {"user": ["Williams"], "jti": "70c65952814445ec84f2ae67595d3344", "token": "eyJhbGciOiJIUzI1NiIsInR5cCI6IkpXVCJ9.eyJ0b2tlbl90eXBlIjoicmVmcmVzaCIsImV4cCI6MTc2NzA1MTA5OSwiaWF0IjoxNzY3MDQ3NDk5LCJqdGkiOiI3MGM2NTk1MjgxNDQ0NWVjODRmMmFlNjc1OTVkMzM0NCIsInVzZXJfaWQiOiI5Y2IyYTc0OC1jZDM2LTQwYzQtYjY1ZS1iYjI0OWM2OTQ4ZjkifQ.wpozksPyRqPMM3eW0lbICEno3wF1v81zWmqHHMG2k4g", "created_at": "2025-12-29T22:31:39.279Z", "expires_at": "2025-12-29T23:31:39Z"}}, {"model": "token_blacklist.outstandingtoken", "pk": 108, "fields": {"user": ["Williams"], "jti": "a7dcbd0a44eb41d39e20b697ba80f854", "token": "eyJhbGciOiJIUzI1NiIsInR5cCI6IkpXVCJ9.eyJ0b2tlbl90eXBlIjoicmVmcmVzaCIsImV4cCI6MTc2NzA1NDg4MCwiaWF0IjoxNzY3MDUxMjgwLCJqdGkiOiJhN2RjYmQwYTQ0ZWI0MWQzOWUyMGI2OTdiYTgwZjg1NCIsInVzZXJfaWQiOiI5Y2IyYTc0OC1jZDM2LTQwYzQtYjY1ZS1iYjI0OWM2OTQ4ZjkifQ.v_rv4e26ARbkGQuaDxerRnNVXufsrqFEkpSgjWOc_a0", "created_at": "2025-12-29T23:34:40.674Z", "expires_at": "2025-12-30T00:34:40Z"}}, {"model": "token_blacklist.outstandingtoken", "pk": 109, "fields": {"user": ["Williams"], "jti": "ad1f2190698146a48e9ddb86ed936190", "token": "eyJhbGciOiJIUzI1NiIsInR5cCI6IkpXVCJ9.eyJ0b2tlbl90eXBlIjoicmVmcmVzaCIsImV4cCI6MTc2NzA1OTIzNSwiaWF0IjoxNzY3MDU1NjM1LCJqdGkiOiJhZDFmMjE5MDY5ODE0NmE0OGU5ZGRiODZlZDkzNjE5MCIsInVzZXJfaWQiOiI5Y2IyYTc0OC1jZDM2LTQwYzQtYjY1ZS1iYjI0OWM2OTQ4ZjkifQ.-SJ3Kn7wsuVLrllDsx0WS2V4WyschasuH_9N5iJdTQ0", "created_at": "2025-12-30T00:47:15.725Z", "expires_at": "2025-12-30T01:47:15Z"}}, {"model": "token_blacklist.outstandingtoken", "pk": 110, "fields": {"user": ["Williams"], "jti": "c96bb182c2114e038268ba90203dc9bb", "token": "eyJhbGciOiJIUzI1NiIsInR5cCI6IkpXVCJ9.eyJ0b2tlbl90eXBlIjoicmVmcmVzaCIsImV4cCI6MTc2NzA2Mjk1MiwiaWF0IjoxNzY3MDU5MzUyLCJqdGkiOiJjOTZiYjE4MmMyMTE0ZTAzODI2OGJhOTAyMDNkYzliYiIsInVzZXJfaWQiOiI5Y2IyYTc0OC1jZDM2LTQwYzQtYjY1ZS1iYjI0OWM2OTQ4ZjkifQ.YsdMso1aa6tMFWCEiRnNDw8n0RNo3F9UvO0NkLM3lmk", "created_at": "2025-12-30T01:49:12.585Z", "expires_at": "2025-12-30T02:49:12Z"}}, {"model": "token_blacklist.outstandingtoken", "pk": 111, "fields": {"user": ["Diego"], "jti": "fa4a9cb092b04072aee835fa2d3ed0e6", "token": "eyJhbGciOiJIUzI1NiIsInR5cCI6IkpXVCJ9.eyJ0b2tlbl90eXBlIjoicmVmcmVzaCIsImV4cCI6MTc2NzA2OTQ5MiwiaWF0IjoxNzY3MDY1ODkyLCJqdGkiOiJmYTRhOWNiMDkyYjA0MDcyYWVlODM1ZmEyZDNlZDBlNiIsInVzZXJfaWQiOiJiYzU0YTkxNy1kOGFhLTQyMmQtOWM2OS0wZjc5MzBiZWI5NDcifQ.n6yVmsZheofj0Iptk798iYbySFdCmaCzQAWryzIC7yI", "created_at": "2025-12-30T03:38:12.588Z", "expires_at": "2025-12-30T04:38:12Z"}}, {"model": "token_blacklist.outstandingtoken", "pk": 112, "fields": {"user": ["Diego"], "jti": "3cd87ca8f15e48d791ee90765b30caad", "token": "eyJhbGciOiJIUzI1NiIsInR5cCI6IkpXVCJ9.eyJ0b2tlbl90eXBlIjoicmVmcmVzaCIsImV4cCI6MTc2NzA3MDA4MiwiaWF0IjoxNzY3MDY2NDgyLCJqdGkiOiIzY2Q4N2NhOGYxNWU0OGQ3OTFlZTkwNzY1YjMwY2FhZCIsInVzZXJfaWQiOiJiYzU0YTkxNy1kOGFhLTQyMmQtOWM2OS0wZjc5MzBiZWI5NDcifQ.L-XrU3-NFOmJBFnJmvBHVMctmWgS3bxerSD4g67W7PA", "created_at": "2025-12-30T03:48:02.262Z", "expires_at": "2025-12-30T04:48:02Z"}}, {"model": "token_blacklist.outstandingtoken", "pk": 113, "fields": {"user": ["Williams"], "jti": "88f5e46da23643f29ca34fd27625bc56", "token": "eyJhbGciOiJIUzI1NiIsInR5cCI6IkpXVCJ9.eyJ0b2tlbl90eXBlIjoicmVmcmVzaCIsImV4cCI6MTc2NzA3MTQ5MywiaWF0IjoxNzY3MDY3ODkzLCJqdGkiOiI4OGY1ZTQ2ZGEyMzY0M2YyOWNhMzRmZDI3NjI1YmM1NiIsInVzZXJfaWQiOiI5Y2IyYTc0OC1jZDM2LTQwYzQtYjY1ZS1iYjI0OWM2OTQ4ZjkifQ.9Mi8l8zBsKtaH_oveKCDIjjM0bcCTUEBVJh6tdr7ED8", "created_at": "2025-12-30T04:11:33.579Z", "expires_at": "2025-12-30T05:11:33Z"}}, {"model": "token_blacklist.outstandingtoken", "pk": 114, "fields": {"user": ["Williams"], "jti": "cbe4c801dcc6476faeaa0b1bd76b2075", "token": "eyJhbGciOiJIUzI1NiIsInR5cCI6IkpXVCJ9.eyJ0b2tlbl90eXBlIjoicmVmcmVzaCIsImV4cCI6MTc2NzExMDk4MywiaWF0IjoxNzY3MTA3MzgzLCJqdGkiOiJjYmU0YzgwMWRjYzY0NzZmYWVhYTBiMWJkNzZiMjA3NSIsInVzZXJfaWQiOiI5Y2IyYTc0OC1jZDM2LTQwYzQtYjY1ZS1iYjI0OWM2OTQ4ZjkifQ.nU0fEK-bkOLG-0OEfVWS1NC9-WT4Z6hPceTOl66yrvQ", "created_at": "2025-12-30T15:09:43.728Z", "expires_at": "2025-12-30T16:09:43Z"}}, {"model": "token_blacklist.outstandingtoken", "pk": 115, "fields": {"user": ["Williams"], "jti": "5918c595b3b54e0da7c75f3ddfd25e73", "token": "eyJhbGciOiJIUzI1NiIsInR5cCI6IkpXVCJ9.eyJ0b2tlbl90eXBlIjoicmVmcmVzaCIsImV4cCI6MTc2NzExNTM0MCwiaWF0IjoxNzY3MTExNzQwLCJqdGkiOiI1OTE4YzU5NWIzYjU0ZTBkYTdjNzVmM2RkZmQyNWU3MyIsInVzZXJfaWQiOiI5Y2IyYTc0OC1jZDM2LTQwYzQtYjY1ZS1iYjI0OWM2OTQ4ZjkifQ.WmrYc1S5tMoTpjvWh5FW1teAznPTVouXT6TvzCJ83Ug", "created_at": "2025-12-30T16:22:20.986Z", "expires_at": "2025-12-30T17:22:20Z"}}, {"model": "token_blacklist.outstandingtoken", "pk": 116, "fields": {"user": ["Williams"], "jti": "c67fc83b9afd499197452c57b3a4d2fd", "token": "eyJhbGciOiJIUzI1NiIsInR5cCI6IkpXVCJ9.eyJ0b2tlbl90eXBlIjoicmVmcmVzaCIsImV4cCI6MTc2NzExOTE1MSwiaWF0IjoxNzY3MTE1NTUxLCJqdGkiOiJjNjdmYzgzYjlhZmQ0OTkxOTc0NTJjNTdiM2E0ZDJmZCIsInVzZXJfaWQiOiI5Y2IyYTc0OC1jZDM2LTQwYzQtYjY1ZS1iYjI0OWM2OTQ4ZjkifQ.pb5XBv8zouJSZn-nmIw9LrubIOMjoZZZtI6giFCU010", "created_at": "2025-12-30T17:25:51.611Z", "expires_at": "2025-12-30T18:25:51Z"}}, {"model": "token_blacklist.outstandingtoken", "pk": 117, "fields": {"user": ["Diego"], "jti": "6f0c1c8c453646ffa6e3da291a9700e5", "token": "eyJhbGciOiJIUzI1NiIsInR5cCI6IkpXVCJ9.eyJ0b2tlbl90eXBlIjoicmVmcmVzaCIsImV4cCI6MTc2NzEyMDE5NSwiaWF0IjoxNzY3MTE2NTk1LCJqdGkiOiI2ZjBjMWM4YzQ1MzY0NmZmYTZlM2RhMjkxYTk3MDBlNSIsInVzZXJfaWQiOiJiYzU0YTkxNy1kOGFhLTQyMmQtOWM2OS0wZjc5MzBiZWI5NDcifQ.rZXhNepCncPAuwv2eCHeswUKs4qntEf877yAqCeZe3A", "created_at": "2025-12-30T17:43:15.725Z", "expires_at": "2025-12-30T18:43:15Z"}}, {"model": "token_blacklist.outstandingtoken", "pk": 118, "fields": {"user": ["Diego"], "jti": "da7b09e8ae5c482fac68d6e0c076fc4c", "token": "eyJhbGciOiJIUzI1NiIsInR5cCI6IkpXVCJ9.eyJ0b2tlbl90eXBlIjoicmVmcmVzaCIsImV4cCI6MTc2NzEyNDI3OSwiaWF0IjoxNzY3MTIwNjc5LCJqdGkiOiJkYTdiMDllOGFlNWM0ODJmYWM2OGQ2ZTBjMDc2ZmM0YyIsInVzZXJfaWQiOiJiYzU0YTkxNy1kOGFhLTQyMmQtOWM2OS0wZjc5MzBiZWI5NDcifQ.kQLQeCIwM6_EEebtnjjK7yFF_vEZilDpOqcuwxn9IeU", "created_at": "2025-12-30T18:51:19.664Z", "expires_at": "2025-12-30T19:51:19Z"}}, {"model": "token_blacklist.outstandingtoken", "pk": 119, "fields": {"user": ["Williams"], "jti": "f9c92a85ebf74f0aaddce3e2bce9385e", "token": "eyJhbGciOiJIUzI1NiIsInR5cCI6IkpXVCJ9.eyJ0b2tlbl90eXBlIjoicmVmcmVzaCIsImV4cCI6MTc2NzEyNTMwNSwiaWF0IjoxNzY3MTIxNzA1LCJqdGkiOiJmOWM5MmE4NWViZjc0ZjBhYWRkY2UzZTJiY2U5Mzg1ZSIsInVzZXJfaWQiOiI5Y2IyYTc0OC1jZDM2LTQwYzQtYjY1ZS1iYjI0OWM2OTQ4ZjkifQ.6ppk0Vxn5XQYqTkvKMLNM3Kn8va9dDMNiMfG6c6p140", "created_at": "2025-12-30T19:08:25.863Z", "expires_at": "2025-12-30T20:08:25Z"}}, {"model": "token_blacklist.outstandingtoken", "pk": 120, "fields": {"user": ["Diego"], "jti": "8abed2436fb94d9e8c3f575e0e801d79", "token": "eyJhbGciOiJIUzI1NiIsInR5cCI6IkpXVCJ9.eyJ0b2tlbl90eXBlIjoicmVmcmVzaCIsImV4cCI6MTc2NzEyNTY1MSwiaWF0IjoxNzY3MTIyMDUxLCJqdGkiOiI4YWJlZDI0MzZmYjk0ZDllOGMzZjU3NWUwZTgwMWQ3OSIsInVzZXJfaWQiOiJiYzU0YTkxNy1kOGFhLTQyMmQtOWM2OS0wZjc5MzBiZWI5NDcifQ.FaOz0y4cfvxAOFjlnAWmBnTJ01ELweKh6WESpGFGC9Q", "created_at": "2025-12-30T19:14:11.501Z", "expires_at": "2025-12-30T20:14:11Z"}}, {"model": "token_blacklist.outstandingtoken", "pk": 121, "fields": {"user": ["Williams"], "jti": "2be16b26ecc14ca2805a327bedcf72a2", "token": "eyJhbGciOiJIUzI1NiIsInR5cCI6IkpXVCJ9.eyJ0b2tlbl90eXBlIjoicmVmcmVzaCIsImV4cCI6MTc2NzEyODg3OSwiaWF0IjoxNzY3MTI1Mjc5LCJqdGkiOiIyYmUxNmIyNmVjYzE0Y2EyODA1YTMyN2JlZGNmNzJhMiIsInVzZXJfaWQiOiI5Y2IyYTc0OC1jZDM2LTQwYzQtYjY1ZS1iYjI0OWM2OTQ4ZjkifQ.sZjUI3LGKgea6o4Mhh9ICHAsAMqP8O5ke5Zg4NEKMq4", "created_at": "2025-12-30T20:07:59.031Z", "expires_at": "2025-12-30T21:07:59Z"}}, {"model": "token_blacklist.outstandingtoken", "pk": 122, "fields": {"user": ["Williams"], "jti": "927a00f9036c41c6b909767f414a9193", "token": "eyJhbGciOiJIUzI1NiIsInR5cCI6IkpXVCJ9.eyJ0b2tlbl90eXBlIjoicmVmcmVzaCIsImV4cCI6MTc2NzE2MjMzOCwiaWF0IjoxNzY3MTU4NzM4LCJqdGkiOiI5MjdhMDBmOTAzNmM0MWM2YjkwOTc2N2Y0MTRhOTE5MyIsInVzZXJfaWQiOiI5Y2IyYTc0OC1jZDM2LTQwYzQtYjY1ZS1iYjI0OWM2OTQ4ZjkifQ.g5ngGzDm3SS2soOEunczECGQZjsDT1fr6XIcdJChGqg", "created_at": "2025-12-31T05:25:38.709Z", "expires_at": "2025-12-31T06:25:38Z"}}, {"model": "token_blacklist.outstandingtoken", "pk": 123, "fields": {"user": ["Williams"], "jti": "8382b88881ac44c9bfb65f01da1548ca", "token": "eyJhbGciOiJIUzI1NiIsInR5cCI6IkpXVCJ9.eyJ0b2tlbl90eXBlIjoicmVmcmVzaCIsImV4cCI6MTc2NzIwNDM4NSwiaWF0IjoxNzY3MjAwNzg1LCJqdGkiOiI4MzgyYjg4ODgxYWM0NGM5YmZiNjVmMDFkYTE1NDhjYSIsInVzZXJfaWQiOiI5Y2IyYTc0OC1jZDM2LTQwYzQtYjY1ZS1iYjI0OWM2OTQ4ZjkifQ.UIERAY23xsWLlmCrbqq-0KUer3AtSyh8CC4bvZOTQG8", "created_at": "2025-12-31T17:06:25.542Z", "expires_at": "2025-12-31T18:06:25Z"}}, {"model": "token_blacklist.outstandingtoken", "pk": 124, "fields": {"user": ["Diego"], "jti": "cd238e2376a9474797a7b91a240d993d", "token": "eyJhbGciOiJIUzI1NiIsInR5cCI6IkpXVCJ9.eyJ0b2tlbl90eXBlIjoicmVmcmVzaCIsImV4cCI6MTc2NzIwNzU5OSwiaWF0IjoxNzY3MjAzOTk5LCJqdGkiOiJjZDIzOGUyMzc2YTk0NzQ3OTdhN2I5MWEyNDBkOTkzZCIsInVzZXJfaWQiOiJiYzU0YTkxNy1kOGFhLTQyMmQtOWM2OS0wZjc5MzBiZWI5NDcifQ.17rBu-4tRRztSYj9k4QyrxrHaW0mtCbU5niH4PPzT2Y", "created_at": "2025-12-31T17:59:59.723Z", "expires_at": "2025-12-31T18:59:59Z"}}, {"model": "token_blacklist.outstandingtoken", "pk": 125, "fields": {"user": ["Williams"], "jti": "34e80b9eb8e94b3fb4f55eff52f8ea22", "token": "eyJhbGciOiJIUzI1NiIsInR5cCI6IkpXVCJ9.eyJ0b2tlbl90eXBlIjoicmVmcmVzaCIsImV4cCI6MTc2NzIxMDkwMiwiaWF0IjoxNzY3MjA3MzAyLCJqdGkiOiIzNGU4MGI5ZWI4ZTk0YjNmYjRmNTVlZmY1MmY4ZWEyMiIsInVzZXJfaWQiOiI5Y2IyYTc0OC1jZDM2LTQwYzQtYjY1ZS1iYjI0OWM2OTQ4ZjkifQ.ahRsvYnIVUjqAv_FT0QDzSCSQj0Hg8wIQ2RGPsGWJgs", "created_at": "2025-12-31T18:55:02.725Z", "expires_at": "2025-12-31T19:55:02Z"}}, {"model": "token_blacklist.outstandingtoken", "pk": 126, "fields": {"user": ["Williams"], "jti": "45738cda63de47818069ed076fcf719b", "token": "eyJhbGciOiJIUzI1NiIsInR5cCI6IkpXVCJ9.eyJ0b2tlbl90eXBlIjoicmVmcmVzaCIsImV4cCI6MTc2NzIzMTI5MCwiaWF0IjoxNzY3MjI3NjkwLCJqdGkiOiI0NTczOGNkYTYzZGU0NzgxODA2OWVkMDc2ZmNmNzE5YiIsInVzZXJfaWQiOiI5Y2IyYTc0OC1jZDM2LTQwYzQtYjY1ZS1iYjI0OWM2OTQ4ZjkifQ.IiHZmz7buDmRiHHog2Zh_uvMR8qaxrfpazbnJ5djBhs", "created_at": "2026-01-01T00:34:50.322Z", "expires_at": "2026-01-01T01:34:50Z"}}, {"model": "token_blacklist.outstandingtoken", "pk": 127, "fields": {"user": ["Diego"], "jti": "77328aac401144709077dbc64437eaff", "token": "eyJhbGciOiJIUzI1NiIsInR5cCI6IkpXVCJ9.eyJ0b2tlbl90eXBlIjoicmVmcmVzaCIsImV4cCI6MTc2NzIzMjk0NywiaWF0IjoxNzY3MjI5MzQ3LCJqdGkiOiI3NzMyOGFhYzQwMTE0NDcwOTA3N2RiYzY0NDM3ZWFmZiIsInVzZXJfaWQiOiJiYzU0YTkxNy1kOGFhLTQyMmQtOWM2OS0wZjc5MzBiZWI5NDcifQ.3kcGb1x_Gav6cvqLHY2u2_MJ9jZoSU_CtIZFTzOcT44", "created_at": "2026-01-01T01:02:27.042Z", "expires_at": "2026-01-01T02:02:27Z"}}, {"model": "token_blacklist.outstandingtoken", "pk": 128, "fields": {"user": ["Williams"], "jti": "8c6b0e5c157e497db58825afa5bf945f", "token": "eyJhbGciOiJIUzI1NiIsInR5cCI6IkpXVCJ9.eyJ0b2tlbl90eXBlIjoicmVmcmVzaCIsImV4cCI6MTc2NzIzMzA0NiwiaWF0IjoxNzY3MjI5NDQ2LCJqdGkiOiI4YzZiMGU1YzE1N2U0OTdkYjU4ODI1YWZhNWJmOTQ1ZiIsInVzZXJfaWQiOiI5Y2IyYTc0OC1jZDM2LTQwYzQtYjY1ZS1iYjI0OWM2OTQ4ZjkifQ.HBgKElfMARRjTtDiYZRAOrCXfNo3bqlgXkrte8IIBx8", "created_at": "2026-01-01T01:04:06.053Z", "expires_at": "2026-01-01T02:04:06Z"}}, {"model": "token_blacklist.outstandingtoken", "pk": 129, "fields": {"user": ["Williams"], "jti": "ce2ee4f7e27f4c0fa25fada850f394d9", "token": "eyJhbGciOiJIUzI1NiIsInR5cCI6IkpXVCJ9.eyJ0b2tlbl90eXBlIjoicmVmcmVzaCIsImV4cCI6MTc2NzMwNzA5NywiaWF0IjoxNzY3MzAzNDk3LCJqdGkiOiJjZTJlZTRmN2UyN2Y0YzBmYTI1ZmFkYTg1MGYzOTRkOSIsInVzZXJfaWQiOiI5Y2IyYTc0OC1jZDM2LTQwYzQtYjY1ZS1iYjI0OWM2OTQ4ZjkifQ.2px7AaBiQwwpuahcVQZ0jeNlDkO5F6H2YM062d2_v5I", "created_at": "2026-01-01T21:38:17.764Z", "expires_at": "2026-01-01T22:38:17Z"}}, {"model": "token_blacklist.outstandingtoken", "pk": 130, "fields": {"user": ["Diego"], "jti": "ad33526b6f74458786bc09ea94981e73", "token": "eyJhbGciOiJIUzI1NiIsInR5cCI6IkpXVCJ9.eyJ0b2tlbl90eXBlIjoicmVmcmVzaCIsImV4cCI6MTc2NzMwNzMwMiwiaWF0IjoxNzY3MzAzNzAyLCJqdGkiOiJhZDMzNTI2YjZmNzQ0NTg3ODZiYzA5ZWE5NDk4MWU3MyIsInVzZXJfaWQiOiJiYzU0YTkxNy1kOGFhLTQyMmQtOWM2OS0wZjc5MzBiZWI5NDcifQ.L2gwSjio6tN4JJVbmzSxzIX2E5q74k_4oTIMMDNTl2k", "created_at": "2026-01-01T21:41:42.272Z", "expires_at": "2026-01-01T22:41:42Z"}}, {"model": "token_blacklist.outstandingtoken", "pk": 131, "fields": {"user": ["Williams"], "jti": "21cd7f0fe31f4f4b984f377da8afda24", "token": "eyJhbGciOiJIUzI1NiIsInR5cCI6IkpXVCJ9.eyJ0b2tlbl90eXBlIjoicmVmcmVzaCIsImV4cCI6MTc2NzMwNzM2MywiaWF0IjoxNzY3MzAzNzYzLCJqdGkiOiIyMWNkN2YwZmUzMWY0ZjRiOTg0ZjM3N2RhOGFmZGEyNCIsInVzZXJfaWQiOiI5Y2IyYTc0OC1jZDM2LTQwYzQtYjY1ZS1iYjI0OWM2OTQ4ZjkifQ.EL8L-6IOSeCkFpRNXcAUe5tMQQyyVla9pBR4ejSrX3U", "created_at": "2026-01-01T21:42:43.503Z", "expires_at": "2026-01-01T22:42:43Z"}}, {"model": "token_blacklist.outstandingtoken", "pk": 132, "fields": {"user": ["Williams"], "jti": "b49b6c30a8d1470e8e7a23e591b08e7a", "token": "eyJhbGciOiJIUzI1NiIsInR5cCI6IkpXVCJ9.eyJ0b2tlbl90eXBlIjoicmVmcmVzaCIsImV4cCI6MTc2NzMxNTQxNSwiaWF0IjoxNzY3MzExODE1LCJqdGkiOiJiNDliNmMzMGE4ZDE0NzBlOGU3YTIzZTU5MWIwOGU3YSIsInVzZXJfaWQiOiI5Y2IyYTc0OC1jZDM2LTQwYzQtYjY1ZS1iYjI0OWM2OTQ4ZjkifQ.-kIOMaIlYiNWPvU7buBq9ROvxZD3PpCCcOQvTRLpGLU", "created_at": "2026-01-01T23:56:55.161Z", "expires_at": "2026-01-02T00:56:55Z"}}, {"model": "token_blacklist.outstandingtoken", "pk": 133, "fields": {"user": ["Diego"], "jti": "96fc3ffc557142409e8caa8bfb45b7ff", "token": "eyJhbGciOiJIUzI1NiIsInR5cCI6IkpXVCJ9.eyJ0b2tlbl90eXBlIjoicmVmcmVzaCIsImV4cCI6MTc2NzM3NzY2OCwiaWF0IjoxNzY3Mzc0MDY4LCJqdGkiOiI5NmZjM2ZmYzU1NzE0MjQwOWU4Y2FhOGJmYjQ1YjdmZiIsInVzZXJfaWQiOiJiYzU0YTkxNy1kOGFhLTQyMmQtOWM2OS0wZjc5MzBiZWI5NDcifQ.KdP3Dq5-3fApuB83Kwkd9s1D7F93lMY8e4gYQz6mE3s", "created_at": "2026-01-02T17:14:28.430Z", "expires_at": "2026-01-02T18:14:28Z"}}, {"model": "token_blacklist.outstandingtoken", "pk": 134, "fields": {"user": ["Williams"], "jti": "bd230997b85540c0b40307b46f618a0f", "token": "eyJhbGciOiJIUzI1NiIsInR5cCI6IkpXVCJ9.eyJ0b2tlbl90eXBlIjoicmVmcmVzaCIsImV4cCI6MTc2NzM3Nzg0OSwiaWF0IjoxNzY3Mzc0MjQ5LCJqdGkiOiJiZDIzMDk5N2I4NTU0MGMwYjQwMzA3YjQ2ZjYxOGEwZiIsInVzZXJfaWQiOiI5Y2IyYTc0OC1jZDM2LTQwYzQtYjY1ZS1iYjI0OWM2OTQ4ZjkifQ.SZ249Z7Pk-iXrlcpSMc3w0um6Xq00Nv2yq4o2shQdrY", "created_at": "2026-01-02T17:17:29.938Z", "expires_at": "2026-01-02T18:17:29Z"}}, {"model": "token_blacklist.outstandingtoken", "pk": 135, "fields": {"user": ["Williams"], "jti": "8f1e66e905e642a293b63833136eefce", "token": "eyJhbGciOiJIUzI1NiIsInR5cCI6IkpXVCJ9.eyJ0b2tlbl90eXBlIjoicmVmcmVzaCIsImV4cCI6MTc2NzQxNzYwOSwiaWF0IjoxNzY3NDE0MDA5LCJqdGkiOiI4ZjFlNjZlOTA1ZTY0MmEyOTNiNjM4MzMxMzZlZWZjZSIsInVzZXJfaWQiOiI5Y2IyYTc0OC1jZDM2LTQwYzQtYjY1ZS1iYjI0OWM2OTQ4ZjkifQ.ULbTjuRIaDbvUOp3TIiTrSTbNFHnJF6gyRI2RjChR74", "created_at": "2026-01-03T04:20:09.738Z", "expires_at": "2026-01-03T05:20:09Z"}}, {"model": "token_blacklist.outstandingtoken", "pk": 136, "fields": {"user": ["Diego"], "jti": "9017a20f8e7a4a279df1b1a9122e4900", "token": "eyJhbGciOiJIUzI1NiIsInR5cCI6IkpXVCJ9.eyJ0b2tlbl90eXBlIjoicmVmcmVzaCIsImV4cCI6MTc2NzQxNzY2MiwiaWF0IjoxNzY3NDE0MDYyLCJqdGkiOiI5MDE3YTIwZjhlN2E0YTI3OWRmMWIxYTkxMjJlNDkwMCIsInVzZXJfaWQiOiJiYzU0YTkxNy1kOGFhLTQyMmQtOWM2OS0wZjc5MzBiZWI5NDcifQ.r2s0Lt2zvqvPsPuPuWqAmb9f9V_plgC2GSniiBfdMv0", "created_at": "2026-01-03T04:21:02.439Z", "expires_at": "2026-01-03T05:21:02Z"}}, {"model": "token_blacklist.outstandingtoken", "pk": 137, "fields": {"user": ["Williams"], "jti": "622db267858f4282a92a35d2fc0e76d4", "token": "eyJhbGciOiJIUzI1NiIsInR5cCI6IkpXVCJ9.eyJ0b2tlbl90eXBlIjoicmVmcmVzaCIsImV4cCI6MTc2NzQxNzY5NywiaWF0IjoxNzY3NDE0MDk3LCJqdGkiOiI2MjJkYjI2Nzg1OGY0MjgyYTkyYTM1ZDJmYzBlNzZkNCIsInVzZXJfaWQiOiI5Y2IyYTc0OC1jZDM2LTQwYzQtYjY1ZS1iYjI0OWM2OTQ4ZjkifQ.QjL15kXFmLoVGUH96_4Pul_JJwe7cDXMiHZKpK83Qss", "created_at": "2026-01-03T04:21:37.552Z", "expires_at": "2026-01-03T05:21:37Z"}}, {"model": "token_blacklist.outstandingtoken", "pk": 138, "fields": {"user": ["Williams"], "jti": "c0aaae6a438a46129650f7190e8ff4af", "token": "eyJhbGciOiJIUzI1NiIsInR5cCI6IkpXVCJ9.eyJ0b2tlbl90eXBlIjoicmVmcmVzaCIsImV4cCI6MTc2NzQyMjE1NiwiaWF0IjoxNzY3NDE4NTU2LCJqdGkiOiJjMGFhYWU2YTQzOGE0NjEyOTY1MGY3MTkwZThmZjRhZiIsInVzZXJfaWQiOiI5Y2IyYTc0OC1jZDM2LTQwYzQtYjY1ZS1iYjI0OWM2OTQ4ZjkifQ.RjjIJ0-GZ9SV47BB5I7gV2StBf1t6JqF0Du1DRy3zik", "created_at": "2026-01-03T05:35:56.244Z", "expires_at": "2026-01-03T06:35:56Z"}}, {"model": "token_blacklist.outstandingtoken", "pk": 139, "fields": {"user": ["Williams"], "jti": "b46d64d741164d7a9193f31134d94307", "token": "eyJhbGciOiJIUzI1NiIsInR5cCI6IkpXVCJ9.eyJ0b2tlbl90eXBlIjoicmVmcmVzaCIsImV4cCI6MTc2NzQyNjY5MSwiaWF0IjoxNzY3NDIzMDkxLCJqdGkiOiJiNDZkNjRkNzQxMTY0ZDdhOTE5M2YzMTEzNGQ5NDMwNyIsInVzZXJfaWQiOiI5Y2IyYTc0OC1jZDM2LTQwYzQtYjY1ZS1iYjI0OWM2OTQ4ZjkifQ.TdbaPWL9Lgohfic5f1n-suiAVYGOj8mjKXG-GPYCy0k", "created_at": "2026-01-03T06:51:31.207Z", "expires_at": "2026-01-03T07:51:31Z"}}, {"model": "token_blacklist.blacklistedtoken", "pk": 1, "fields": {"token": 1, "blacklisted_at": "2025-12-23T01:17:31.496Z"}}, {"model": "token_blacklist.blacklistedtoken", "pk": 2, "fields": {"token": 3, "blacklisted_at": "2025-12-23T01:20:46.173Z"}}, {"model": "token_blacklist.blacklistedtoken", "pk": 3, "fields": {"token": 17, "blacklisted_at": "2025-12-23T15:03:35.270Z"}}, {"model": "token_blacklist.blacklistedtoken", "pk": 4, "fields": {"token": 43, "blacklisted_at": "2025-12-23T23:14:40.712Z"}}, {"model": "token_blacklist.blacklistedtoken", "pk": 5, "fields": {"token": 53, "blacklisted_at": "2025-12-24T16:04:09.243Z"}}, {"model": "token_blacklist.blacklistedtoken", "pk": 6, "fields": {"token": 55, "blacklisted_at": "2025-12-24T20:52:06.139Z"}}, {"model": "token_blacklist.blacklistedtoken", "pk": 7, "fields": {"token": 59, "blacklisted_at": "2025-12-25T16:56:06.862Z"}}, {"model": "token_blacklist.blacklistedtoken", "pk": 8, "fields": {"token": 62, "blacklisted_at": "2025-12-25T19:32:33.315Z"}}, {"model": "token_blacklist.blacklistedtoken", "pk": 9, "fields": {"token": 63, "blacklisted_at": "2025-12-25T19:33:20.688Z"}}, {"model": "token_blacklist.blacklistedtoken", "pk": 10, "fields": {"token": 64, "blacklisted_at": "2025-12-25T19:33:40.943Z"}}, {"model": "token_blacklist.blacklistedtoken", "pk": 11, "fields": {"token": 66, "blacklisted_at": "2025-12-26T03:58:48.937Z"}}, {"model": "token_blacklist.blacklistedtoken", "pk": 12, "fields": {"token": 67, "blacklisted_at": "2025-12-26T04:05:33.127Z"}}, {"model": "token_blacklist.blacklistedtoken", "pk": 13, "fields": {"token": 68, "blacklisted_at": "2025-12-26T04:13:30.307Z"}}, {"model": "token_blacklist.blacklistedtoken", "pk": 14, "fields": {"token": 69, "blacklisted_at": "2025-12-26T04:30:27.853Z"}}, {"model": "token_blacklist.blacklistedtoken", "pk": 15, "fields": {"token": 70, "blacklisted_at": "2025-12-26T04:35:38.350Z"}}, {"model": "token_blacklist.blacklistedtoken", "pk": 16, "fields": {"token": 71, "blacklisted_at": "2025-12-26T04:36:52.418Z"}}, {"model": "token_blacklist.blacklistedtoken", "pk": 17, "fields": {"token": 72, "blacklisted_at": "2025-12-26T05:03:03.166Z"}}, {"model": "token_blacklist.blacklistedtoken", "pk": 18, "fields": {"token": 73, "blacklisted_at": "2025-12-26T05:05:09.472Z"}}, {"model": "token_blacklist.blacklistedtoken", "pk": 19, "fields": {"token": 74, "blacklisted_at": "2025-12-26T05:05:43.617Z"}}, {"model": "token_blacklist.blacklistedtoken", "pk": 20, "fields": {"token": 75, "blacklisted_at": "2025-12-26T05:06:01.050Z"}}, {"model": "token_blacklist.blacklistedtoken", "pk": 21, "fields": {"token": 76, "blacklisted_at": "2025-12-26T05:12:02.380Z"}}, {"model": "token_blacklist.blacklistedtoken", "pk": 22, "fields": {"token": 80, "blacklisted_at": "2025-12-26T18:00:27.171Z"}}, {"model": "token_blacklist.blacklistedtoken", "pk": 23, "fields": {"token": 91, "blacklisted_at": "2025-12-28T05:07:05.704Z"}}, {"model": "token_blacklist.blacklistedtoken", "pk": 24, "fields": {"token": 92, "blacklisted_at": "2025-12-28T05:07:22.013Z"}}, {"model": "token_blacklist.blacklistedtoken", "pk": 25, "fields": {"token": 94, "blacklisted_at": "2025-12-28T12:19:02.930Z"}}, {"model": "token_blacklist.blacklistedtoken", "pk": 26, "fields": {"token": 95, "blacklisted_at": "2025-12-28T12:26:41.245Z"}}, {"model": "token_blacklist.blacklistedtoken", "pk": 27, "fields": {"token": 100, "blacklisted_at": "2025-12-29T19:19:33.084Z"}}, {"model": "token_blacklist.blacklistedtoken", "pk": 28, "fields": {"token": 101, "blacklisted_at": "2025-12-29T19:22:32.464Z"}}, {"model": "token_blacklist.blacklistedtoken", "pk": 29, "fields": {"token": 102, "blacklisted_at": "2025-12-29T19:32:51.678Z"}}, {"model": "token_blacklist.blacklistedtoken", "pk": 30, "fields": {"token": 103, "blacklisted_at": "2025-12-29T19:47:25.117Z"}}, {"model": "token_blacklist.blacklistedtoken", "pk": 31, "fields": {"token": 111, "blacklisted_at": "2025-12-30T03:46:01.884Z"}}, {"model": "token_blacklist.blacklistedtoken", "pk": 32, "fields": {"token": 112, "blacklisted_at": "2025-12-30T04:11:08.684Z"}}, {"model": "token_blacklist.blacklistedtoken", "pk": 33, "fields": {"token": 116, "blacklisted_at": "2025-12-30T17:43:05.143Z"}}, {"model": "token_blacklist.blacklistedtoken", "pk": 34, "fields": {"token": 118, "blacklisted_at": "2025-12-30T19:08:14.082Z"}}, {"model": "token_blacklist.blacklistedtoken", "pk": 35, "fields": {"token": 119, "blacklisted_at": "2025-12-30T19:14:02.523Z"}}, {"model": "token_blacklist.blacklistedtoken", "pk": 36, "fields": {"token": 120, "blacklisted_at": "2025-12-30T20:07:44.530Z"}}, {"model": "token_blacklist.blacklistedtoken", "pk": 37, "fields": {"token": 123, "blacklisted_at": "2025-12-31T17:59:48.420Z"}}, {"model": "token_blacklist.blacklistedtoken", "pk": 38, "fields": {"token": 124, "blacklisted_at": "2025-12-31T18:54:52.216Z"}}, {"model": "token_blacklist.blacklistedtoken", "pk": 39, "fields": {"token": 126, "blacklisted_at": "2026-01-01T01:02:16.588Z"}}, {"model": "token_blacklist.blacklistedtoken", "pk": 40, "fields": {"token": 127, "blacklisted_at": "2026-01-01T01:03:49.660Z"}}, {"model": "token_blacklist.blacklistedtoken", "pk": 41, "fields": {"token": 129, "blacklisted_at": "2026-01-01T21:41:25.965Z"}}, {"model": "token_blacklist.blacklistedtoken", "pk": 42, "fields": {"token": 130, "blacklisted_at": "2026-01-01T21:42:24.495Z"}}, {"model": "token_blacklist.blacklistedtoken", "pk": 43, "fields": {"token": 133, "blacklisted_at": "2026-01-02T17:17:16.673Z"}}, {"model": "token_blacklist.blacklistedtoken", "pk": 44, "fields": {"token": 135, "blacklisted_at": "2026-01-03T04:20:51.296Z"}}, {"model": "token_blacklist.blacklistedtoken", "pk": 45, "fields": {"token": 136, "blacklisted_at": "2026-01-03T04:21:17.068Z"}}]
